# ADU, ADU Uncertainty, Sky ADU
3.181085011215397662e-01,8.703987123773861967e+00,1.119843672776611129e+03
3.894622600700865106e-02,8.701813768030019602e+00,1.121735470284833355e+03
2.691226904005525888e-01,8.705458232806403629e+00,1.120809574169596544e+03
2.243377013438441629e-05,8.701151348343946879e+00,1.121866448553029613e+03
6.684960574033697867e-02,8.700922962576967734e+00,1.121158205279531785e+03
1.787759768299070351e-01,8.705433992583735403e+00,1.121660840402972099e+03
1.936940806531828319e-01,8.703373054626499794e+00,1.120795143701885308e+03
8.315728957978341107e-02,8.702884224263190305e+00,1.121694002390057904e+03
3.088470346410259609e-02,8.700950712302946144e+00,1.121529417046463777e+03
1.772411493015906558e-01,8.704812493559192177e+00,1.121462584979161647e+03
6.715023761080517184e-02,8.699566383774142153e+00,1.120673015391966828e+03
2.523081779758079013e-01,8.706164599762990619e+00,1.121244703557391631e+03
5.858791374030859755e-02,8.697775343709579943e+00,1.120128138883065049e+03
1.254318143194746715e-01,8.703328705677170873e+00,1.121455966920138962e+03
5.152243021637525899e-03,8.703044027697901086e+00,1.122481207604299243e+03
1.266900933213407909e-01,8.704421804790710482e+00,1.121851044654879615e+03
3.558248865782152603e-01,8.706150741504240287e+00,1.120239671254556015e+03
1.900141618003946839e-04,8.705658556430792672e+00,1.123471438414750082e+03
2.147818170610213684e-01,8.704358727273239893e+00,1.120959771578454593e+03
1.055761146678994011e-01,8.701516388990109263e+00,1.121008184471233562e+03
4.604145136724726584e-01,8.709564564530889896e+00,1.120441010531264283e+03
4.286032969131208792e-01,8.713350088503862167e+00,1.122089072250801109e+03
5.526368849083167223e-02,8.699783286775781832e+00,1.120871104416457001e+03
2.524068543685099586e-01,8.703865994722983501e+00,1.120432563185788467e+03
1.098487361991977163e-01,8.705523390581397791e+00,1.122344354019591947e+03
4.704505710482490000e-02,8.698652452108728284e+00,1.120534811142630815e+03
2.246254306000298323e-02,8.702904676535302642e+00,1.122277267899318304e+03
9.937568485403351637e-02,8.706038637766228661e+00,1.122670214809043955e+03
2.193724383703871475e-02,8.705101422455902238e+00,1.123054283768623463e+03
2.053358229526205114e-01,8.707746238903643743e+00,1.122251147463347252e+03
1.379588954170267723e-01,8.703817662850779513e+00,1.121505366202301957e+03
1.603779063572134678e-02,8.701879844511092088e+00,1.122015686402524352e+03
2.039980424626625377e-01,8.705194903824962083e+00,1.121351573271326743e+03
6.494041788642503088e-02,8.701746118255854867e+00,1.121488787611972612e+03
9.878636736636473015e-02,8.700243271549545909e+00,1.120606992622949065e+03
1.033724143100258480e-01,8.706539135180616285e+00,1.122805433444386381e+03
7.304510703451178033e-02,8.706435535027514661e+00,1.123064941920790261e+03
1.438462480265246222e-02,8.703549934643847408e+00,1.122595055615985530e+03
2.361673856758070289e-01,8.707566870005495119e+00,1.121896032444763932e+03
9.049870393451275863e-02,8.702840490720513245e+00,1.121630678266047880e+03
1.303188028854468383e-01,8.706526135922583620e+00,1.122539892646710541e+03
3.477001002491020287e-01,8.707782883453120348e+00,1.120899369876989567e+03
2.326632404878265503e-01,8.709217768204259968e+00,1.122500326980096133e+03
1.953278750475707370e-01,8.708730621384649595e+00,1.122707743008849093e+03
1.879860919727806279e-01,8.704666108526607715e+00,1.121332915825193822e+03
6.542015881164557622e-02,8.703728073645850216e+00,1.122189778341203009e+03
1.472241516421216867e-01,8.704023471521391997e+00,1.121512781666297315e+03
4.696890222545072047e-01,8.711244628069012563e+00,1.120974606396893250e+03
1.915156913975000347e-02,8.703483860803574501e+00,1.122532836452460515e+03
7.015669697394372184e-02,8.705479529165794261e+00,1.122765620816981709e+03
3.765250626489516916e-01,8.709275522376495715e+00,1.121161485385838660e+03
1.387657535631129854e-02,8.704213035870754567e+00,1.122842674141978932e+03
1.274155242768500729e-01,8.701591165988642018e+00,1.120835608518242680e+03
2.367966432254295650e-01,8.709417474912509505e+00,1.122556356960365974e+03
4.951508240896441981e-03,8.703919143349168053e+00,1.122822231769330756e+03
2.857730895613119423e-02,8.701985872055194804e+00,1.121910268086528959e+03
7.612774166707153567e-02,8.703033267422238595e+00,1.121825516872439721e+03
1.834178155094158547e-01,8.705477344106377302e+00,1.121671575515336826e+03
1.424421679463107882e-01,8.705038973469410024e+00,1.121889798916783093e+03
2.217168557892489900e-01,8.708879934042430548e+00,1.122500257452818914e+03
1.900771971739404764e-01,8.702402378588070420e+00,1.120536489371045036e+03
2.798404721028933673e-01,8.711597118203540546e+00,1.122920879952845098e+03
5.345051666555203298e-10,8.704571807046265874e+00,1.123112737246755387e+03
1.876762513556645695e-01,8.702756286805589880e+00,1.120655799177445942e+03
2.052906666350332310e-01,8.710684697385769226e+00,1.123315210282297812e+03
1.799167313438597704e-01,8.705907801885956587e+00,1.121846642611645166e+03
2.172537191119008892e-01,8.710663300131797016e+00,1.123183416925648771e+03
6.330090336931752659e-02,8.704288870315931348e+00,1.122412396764494588e+03
9.040057948001017918e-02,8.703560265133203799e+00,1.121896780997570659e+03
7.365390518255886254e-02,8.706000311152360283e+00,1.122929296713734857e+03
2.760620945182178931e-01,8.706541618806415528e+00,1.121164890190405458e+03
5.648426231406124265e-02,8.706796951685534580e+00,1.123358614356250655e+03
5.977531550071993717e-04,8.703195429398622451e+00,1.122635054134282427e+03
1.322260885562883369e-02,8.701597531636029004e+00,1.121934535935351960e+03
1.372781918115774380e-01,8.708111443894544834e+00,1.123063908937934912e+03
1.559484400811852467e-01,8.705007276168196029e+00,1.121787011417911117e+03
1.268661569533302037e-02,8.702944654818512760e+00,1.122424830845562383e+03
3.525765834237686858e-01,8.709858877609535810e+00,1.121603313936765289e+03
5.018010477622626394e-04,8.704100067013898823e+00,1.122942922459619922e+03
7.760420403359005737e-02,8.705196051136754321e+00,1.122592783256729035e+03
1.637818321006316016e-03,8.700983072672521246e+00,1.121823399818032613e+03
4.028222102192382525e-01,8.709228484578989793e+00,1.120909009912772945e+03
1.909584548971172135e-01,8.704149316968027961e+00,1.121138617642009876e+03
5.088200992284519497e-03,8.704128932203376579e+00,1.122909058889886865e+03
3.810441690119794056e-01,8.712267739539864664e+00,1.122207989177074978e+03
1.957274502810871786e-01,8.705642842901125888e+00,1.121617106976069408e+03
2.771536564841429184e-01,8.706171295025470158e+00,1.121045604953665134e+03
4.125053458911377008e-02,8.705411315487078028e+00,1.123020792625663489e+03
4.080852057978355263e-01,8.713401234925623129e+00,1.122339624305948064e+03
1.499676909264460456e-01,8.701778953011247708e+00,1.120697659853525010e+03
1.923963418787306423e-01,8.706717175774405959e+00,1.122045674423387254e+03
3.990947323617687892e-01,8.707851721184132643e+00,1.120465396093192112e+03
1.307019780768199357e-01,8.707048316768409180e+00,1.122749463885279738e+03
4.606408679503615211e-01,8.713903974215675419e+00,1.122012828268643716e+03
1.570554164626469839e-03,8.705398532347913942e+00,1.123403286532567336e+03
4.881029211878258611e-02,8.706085601196363655e+00,1.123196981429556217e+03
1.994071473772444647e-01,8.705394391970793677e+00,1.121507143083513029e+03
1.922961990263552801e-01,8.712088822160309221e+00,1.123946790244258409e+03
9.824216434372180784e-02,8.709402629389751738e+00,1.123899004839043982e+03
1.100016423347997957e-01,8.707461379009259872e+00,1.123098920149709329e+03
7.509710070455113406e-01,8.715966221786484169e+00,1.119983404740294191e+03
7.039297199614350520e-01,8.719779092950847854e+00,1.121776527056636041e+03
5.135025550137065770e-02,8.710165463645257233e+00,1.124628836319057427e+03
4.615697777243208955e-01,8.714365129429438639e+00,1.122184649269296870e+03
4.880332821137681187e-01,8.718395302228127974e+00,1.123354060997462966e+03
4.420249968246067751e-01,8.714332337959268315e+00,1.122360432459567392e+03
9.602314308978593393e-01,8.726472601696263709e+00,1.121704222304124187e+03
7.671389577033213003e-01,8.725412369212991237e+00,1.123173973695847280e+03
1.338001705045140044e+00,8.743285743044483027e+00,1.124063526415946626e+03
1.712533898356691342e+00,8.751905512199158466e+00,1.123541236101743380e+03
2.467556086390259029e+00,8.768246764682114502e+00,1.122143596334919948e+03
2.599038744150270475e+00,8.773570442050564466e+00,1.122789136833067005e+03
3.547579500172316269e+00,8.802792395859626140e+00,1.124166363256222894e+03
4.647901523260896006e+00,8.827635660078140489e+00,1.122565746875680816e+03
5.153733043905852185e+00,8.842986481887482597e+00,1.123252330374601570e+03
6.390963857163587392e+00,8.875674829839418578e+00,1.123227418572069837e+03
9.220019152139020235e+00,8.948423008426075853e+00,1.122646777593245361e+03
1.171266499816010054e+01,9.014826939939121431e+00,1.123190033714456376e+03
1.382853854496257462e+01,9.063079056305038961e+00,1.120830155132012351e+03
1.879761470727819983e+01,9.191058714149896502e+00,1.121259901513780733e+03
2.020449106048554810e+01,9.228181855529074440e+00,1.121857596426040118e+03
2.269556216807207605e+01,9.291670330477510120e+00,1.122231424362906409e+03
2.448304081317956360e+01,9.334585170339213533e+00,1.121621745709208881e+03
2.780199801505023061e+01,9.422039529721306650e+00,1.123714642915749891e+03
2.737381769342399451e+01,9.408769687067987775e+00,1.122659814138077309e+03
2.676863523384878363e+01,9.388205274202602979e+00,1.120496119661770990e+03
2.791027010494794069e+01,9.426039341658436044e+00,1.124222259670535323e+03
2.752528171496794229e+01,9.411926614451347817e+00,1.122439932265012885e+03
2.792354652934009707e+01,9.424446310756481537e+00,1.123484960474617537e+03
2.663832767712115057e+01,9.397637616224628232e+00,1.125325299341249320e+03
2.802409646014669420e+01,9.428045257042299454e+00,1.123915283171917508e+03
2.791062894004631545e+01,9.422178173003931789e+00,1.122739414459217187e+03
2.789412141695660807e+01,9.425760619375274985e+00,1.124264443165597413e+03
2.923393846653668149e+01,9.458709145183801681e+00,1.124307871588486933e+03
2.996723774978402943e+01,9.475456388851357659e+00,1.123860222313846634e+03
2.988963183689992320e+01,9.469149249870335794e+00,1.122162565200032759e+03
3.089499973582239178e+01,9.495244456861849258e+00,1.122774254579421950e+03
3.218404001376725176e+01,9.525311205178354612e+00,1.122294866952473285e+03
3.179292172723132026e+01,9.521990755780846527e+00,1.124680293740790148e+03
3.257310571200689964e+01,9.539513653815877348e+00,1.124144451246269227e+03
3.355832219238065051e+01,9.561093893684978084e+00,1.123279709669755903e+03
3.443147928957556303e+01,9.587489539069181887e+00,1.125363448273590620e+03
3.480080968373812311e+01,9.596143080199388109e+00,1.125274968038726456e+03
3.699494707899037849e+01,9.645430132458793437e+00,1.123997229010245292e+03
3.740389525875055199e+01,9.654712339136287014e+00,1.123808647031868077e+03
3.720212580483169518e+01,9.650385770972293997e+00,1.123999619508008891e+03
3.730282834088175292e+01,9.652480832638458352e+00,1.123877878725770870e+03
3.610099194276232737e+01,9.624020420320302804e+00,1.123979071915019404e+03
4.025344476197406607e+01,9.720402304511193137e+00,1.123023043855414926e+03
4.407669371569715366e+01,9.812859382855702250e+00,1.124027944985043632e+03
4.533585477725726776e+01,9.840024590574708796e+00,1.123137054906618005e+03
4.943213084962370374e+01,9.935054448976186947e+00,1.123177943982493161e+03
5.030308598651879493e+01,9.956496905986123025e+00,1.123741683322407880e+03
5.428958820090223725e+01,1.004789650479140484e+01,1.123854991422263765e+03
5.743731435882060765e+01,1.011819683003022696e+01,1.123463763675363225e+03
5.866711532484373492e+01,1.014356399298842426e+01,1.122512904044047445e+03
6.180324404426267648e+01,1.021653595382042745e+01,1.123661354201277163e+03
6.356535779612497805e+01,1.025325728278930093e+01,1.122639973841046185e+03
6.513058193409104035e+01,1.029279743312529405e+01,1.124669930389255114e+03
6.710939904981529480e+01,1.033641801756471956e+01,1.124676660891023403e+03
6.962355468942647008e+01,1.038989865062022666e+01,1.124003200770770718e+03
7.255808656956476455e+01,1.044835712327535227e+01,1.121717009939018681e+03
7.416410983189501849e+01,1.048815548716226154e+01,1.123841989919538946e+03
7.684761822691659461e+01,1.054586987271168219e+01,1.123817125832821375e+03
7.832093479491958021e+01,1.057589938065218504e+01,1.123157740524942938e+03
7.820305109941779165e+01,1.057280775111134830e+01,1.122914000060804710e+03
7.903361618412286305e+01,1.059733331907993126e+01,1.125811220412016610e+03
8.469703322285640468e+01,1.071247410856788029e+01,1.123683657866782141e+03
8.511829706303524290e+01,1.072136381787286652e+01,1.123689137555644947e+03
8.457940933966057173e+01,1.071070838032396644e+01,1.123991034771665454e+03
8.797946731766954542e+01,1.078296864628443785e+01,1.124379105982349301e+03
9.057973036431688740e+01,1.083457167577052616e+01,1.123238913030929098e+03
9.358053193883128529e+01,1.089554874789980410e+01,1.122712835638248180e+03
9.768345732972979079e+01,1.098149390886199050e+01,1.123418711625878814e+03
9.813248427053375167e+01,1.099123294527319672e+01,1.123661912691418593e+03
9.686530906360317772e+01,1.096700179302956002e+01,1.124416152356068096e+03
1.010081675592489887e+02,1.105207419844638395e+01,1.124654899536178391e+03
1.012521663942507075e+02,1.105458454130172896e+01,1.123570882391525856e+03
1.028979105406976942e+02,1.108884085571281730e+01,1.123966469414894846e+03
1.058406144734591692e+02,1.115122882418656225e+01,1.125327374005294814e+03
1.070535955838835491e+02,1.117192919003526796e+01,1.123688024696349885e+03
1.081885555086225139e+02,1.119788591632492292e+01,1.125136662504658034e+03
1.105169654156574808e+02,1.124488502745258067e+01,1.125371295444879479e+03
1.120118308967996086e+02,1.127046616697422365e+01,1.123507985346661826e+03
1.172644673353693889e+02,1.137312602874923328e+01,1.123020122340749595e+03
1.160051289005274100e+02,1.134782280393644172e+01,1.122778498138753548e+03
1.168414378375076836e+02,1.136642395179477916e+01,1.123752317154607454e+03
1.168894631208812029e+02,1.137237608102597086e+01,1.126045116251757690e+03
1.213572987576796152e+02,1.145474333865528394e+01,1.123733395039490688e+03
1.238423362161645827e+02,1.150098826494868298e+01,1.122788973457231123e+03
1.241476915145512834e+02,1.150879020137082875e+01,1.123651755245605955e+03
1.244535113163026239e+02,1.151784590753657866e+01,1.125098189609861947e+03
1.266905039757094755e+02,1.155968936732880437e+01,1.124468099570043705e+03
1.302332270245722441e+02,1.162798392616420884e+01,1.124564123004308158e+03
1.319788001989243469e+02,1.166194418674672839e+01,1.124842525207030349e+03
1.329189025959757942e+02,1.168623148362729580e+01,1.127815162878291858e+03
1.351427156507392340e+02,1.172254036039475267e+01,1.125030667982358636e+03
1.374228922105475590e+02,1.176906927593119612e+01,1.126603458856359339e+03
1.364335955160247522e+02,1.174541097616111074e+01,1.124293116957222765e+03
1.405892759051664882e+02,1.182087590615225281e+01,1.122913943576707197e+03
1.427950873738579673e+02,1.186644544584841121e+01,1.124912902391462467e+03
1.441123113473674096e+02,1.188958705348546907e+01,1.124217609159089079e+03
1.431270278729283518e+02,1.187125710600508555e+01,1.124248422117429072e+03
1.399965977391747458e+02,1.181530611385174012e+01,1.125559211358343418e+03
1.291936277804861390e+02,1.161101772524868458e+01,1.125970212618882897e+03
1.240527974853524142e+02,1.150893989031489717e+01,1.124591732925079896e+03
1.374485988192027435e+02,1.176895131853009424e+01,1.126343270897073808e+03
1.491448689812093562e+02,1.198499068039793691e+01,1.125132150160497986e+03
1.559458573958810348e+02,1.211096449057856894e+01,1.125590351222356730e+03
1.619093560581422651e+02,1.221971924569234780e+01,1.125743008473651344e+03
1.618775000145444665e+02,1.221407043032012929e+01,1.123280372169154361e+03
1.663543973511470142e+02,1.229721080333833250e+01,1.124451236802062340e+03
1.627686680900770853e+02,1.223366926006830013e+01,1.124962318117853329e+03
1.661026143366660790e+02,1.229361382170015737e+01,1.124908251133011618e+03
1.650425213177054786e+02,1.227542962954874284e+01,1.125347198339556826e+03
1.652482523031125083e+02,1.227893939116254707e+01,1.125248760352654244e+03
1.665342503690353624e+02,1.229982322781233250e+01,1.124175098984557962e+03
1.682202762887092433e+02,1.233276070577790051e+01,1.125509596524467042e+03
1.748738038632737926e+02,1.244722174288262195e+01,1.123520422551110642e+03
1.784388974956957838e+02,1.251383568346101072e+01,1.125322924152581891e+03
1.784651878819037165e+02,1.251688000325814265e+01,1.126602332778791151e+03
1.793689971054480736e+02,1.253051111066256063e+01,1.125473666272626133e+03
1.748992291571817077e+02,1.245399414269066796e+01,1.126659453596287221e+03
1.758456208656726005e+02,1.246511815929606648e+01,1.123874147036903878e+03
1.764913572270711200e+02,1.248218675301826508e+01,1.126672415682318615e+03
1.724214401414619147e+02,1.240364815541381915e+01,1.123526013797768883e+03
1.759950344693008049e+02,1.246955561161632531e+01,1.124774311837921232e+03
1.851046372605877934e+02,1.263216128033118224e+01,1.126122441769466832e+03
1.856305426635779838e+02,1.263386051475657545e+01,1.122396138117821238e+03
1.942992927215431394e+02,1.279146928100333902e+01,1.126262851556937903e+03
1.992310683175565202e+02,1.287696806930845916e+01,1.126825418212644308e+03
2.037857291004516469e+02,1.294992951681133597e+01,1.124581397844626508e+03
2.092499664077147372e+02,1.304633496275631011e+01,1.126739881072753860e+03
2.019690030342691500e+02,1.292002359926608257e+01,1.125040826725820352e+03
2.007416945132862054e+02,1.290573754874674961e+01,1.128381384533476421e+03
1.962991860468189884e+02,1.282439815173273168e+01,1.125568505737116539e+03
2.088664303875908672e+02,1.304168450128000956e+01,1.127663017686577859e+03
2.229965879352012621e+02,1.327382098455882442e+01,1.126092047196396834e+03
2.288165933929266203e+02,1.337073062738392082e+01,1.126855219654948769e+03
2.311236149031649916e+02,1.340841905192627159e+01,1.126872115452394155e+03
2.337378543018683672e+02,1.345047441745554728e+01,1.126634499507207011e+03
2.368744957750714377e+02,1.349751847166913521e+01,1.124642591215638049e+03
2.403917208025819434e+02,1.355770989351476530e+01,1.126495330909239783e+03
2.413040835016145707e+02,1.356972948964427594e+01,1.125070933196589294e+03
2.461165757758752477e+02,1.364624748863059445e+01,1.124744337151300670e+03
2.495174204699086431e+02,1.370443469403567072e+01,1.126895437089385496e+03
2.529227752014364512e+02,1.375553487865055402e+01,1.125346919662702248e+03
2.571560719575506937e+02,1.382280401230402944e+01,1.125559664365172011e+03
2.608432304153367340e+02,1.388320259964219083e+01,1.126871545938468216e+03
2.602138633194205113e+02,1.387249026124478668e+01,1.126440276698693197e+03
2.671365576771237329e+02,1.397913691932874691e+01,1.125649725876873845e+03
2.655942747774945474e+02,1.395739049242491170e+01,1.126884862574713452e+03
2.650466224574357739e+02,1.395027638754879540e+01,1.127676825663772888e+03
2.709511577085471572e+02,1.403933312272107514e+01,1.126222100083642545e+03
2.695021721917202626e+02,1.402253207801733481e+01,1.129296966057303962e+03
2.813665140107915477e+02,1.419897292776054520e+01,1.125907552005450270e+03
2.892353227934933102e+02,1.432098840062507250e+01,1.127182638532317469e+03
2.890631327307978040e+02,1.431557185289840106e+01,1.125632067864479723e+03
2.900235148471076627e+02,1.433288146769941385e+01,1.127162959229337048e+03
2.951703744244297241e+02,1.441321280118627968e+01,1.128665863257632736e+03
3.058475966219622251e+02,1.456970029794230825e+01,1.126949276949306295e+03
3.073225855077158712e+02,1.459460817627085305e+01,1.128665554165936783e+03
3.070803271736515399e+02,1.458961458936544986e+01,1.127887403187700329e+03
3.110056677742206261e+02,1.464481524324994233e+01,1.126206848343953652e+03
3.144945527594256873e+02,1.469617696607029877e+01,1.126197465568091047e+03
3.238842776920263873e+02,1.483257806897872300e+01,1.125591589819563978e+03
3.307591626191492651e+02,1.493232302411047918e+01,1.125594306392649742e+03
3.384930112642040285e+02,1.504821335451355147e+01,1.128209161698185653e+03
3.421370815212834486e+02,1.509708103448698679e+01,1.126327199683217486e+03
3.499566370508792943e+02,1.520996564736690004e+01,1.127254124772361820e+03
3.528986277389315660e+02,1.525174195693150381e+01,1.127345965126494320e+03
3.547192454616196073e+02,1.527841571972022727e+01,1.127950228256194805e+03
3.604178338862075179e+02,1.535590489898703126e+01,1.126388973542643953e+03
3.559549833177914593e+02,1.529269534193661606e+01,1.126115918449535457e+03
3.493045557804298369e+02,1.519796571080054903e+01,1.125665657450164190e+03
3.409993004908643002e+02,1.508169547115546649e+01,1.126775153410248322e+03
3.345125632672891811e+02,1.498846028999649604e+01,1.126733112891181463e+03
3.614498151183374830e+02,1.537436687542465030e+01,1.128757955084281321e+03
3.819049204256486973e+02,1.565789585030704245e+01,1.128712528240104575e+03
3.908363205850490658e+02,1.577858892740111507e+01,1.127886236802734857e+03
3.986870636324718475e+02,1.588612367772472034e+01,1.128511190631857744e+03
4.035708370979360211e+02,1.595134735564520589e+01,1.128168751947390774e+03
4.030713197366460463e+02,1.594528601632250009e+01,1.128573958094668342e+03
4.002521581619209883e+02,1.590459593352428413e+01,1.126917392910645276e+03
3.968272901138028601e+02,1.585893529484546605e+01,1.127324371064355773e+03
4.111719692353462960e+02,1.605285090266529835e+01,1.127936043653592833e+03
4.153244138680100832e+02,1.611056723522693090e+01,1.129365402000652693e+03
4.163469648115507198e+02,1.611974865244032173e+01,1.126675534682923853e+03
4.211019260333226839e+02,1.618404956215332291e+01,1.127396186414547856e+03
4.221725929012437177e+02,1.620343351688959643e+01,1.130584461178836591e+03
4.108228809494323741e+02,1.605092449586001635e+01,1.129564701431627100e+03
4.243807261851662247e+02,1.622777135043382657e+01,1.127620567946725487e+03
4.306521427992456097e+02,1.631162016492415390e+01,1.128404266220674799e+03
4.310143824277370186e+02,1.631569339929480478e+01,1.128039700036372324e+03
4.382234607404950566e+02,1.641062516869083510e+01,1.128383435044988801e+03
4.506052289075786348e+02,1.657281240302507541e+01,1.129342682793568201e+03
4.480373699060694435e+02,1.653827665918225875e+01,1.128476672942398636e+03
4.508833377026496123e+02,1.657679268644979587e+01,1.129616252963625357e+03
4.512015898406554584e+02,1.658191605754129583e+01,1.130252371596565808e+03
4.474515876722485928e+02,1.652856686565432298e+01,1.127184682350628236e+03
4.529392323231211321e+02,1.660429903468761736e+01,1.130219120190055719e+03
4.505687127197056157e+02,1.656834871096068085e+01,1.126885840495195680e+03
4.509302939137885460e+02,1.657578972961308850e+01,1.128640224452417442e+03
4.611201063354488383e+02,1.670680539519132424e+01,1.128649976583102443e+03
4.663897871992849105e+02,1.677205008629579197e+01,1.127406897010677312e+03
4.719230460440193156e+02,1.684267706012058596e+01,1.127601159931388793e+03
4.712812642636609439e+02,1.683600568920731178e+01,1.128571796663974737e+03
4.882556561102001638e+02,1.705110941360002030e+01,1.129352020610548379e+03
4.947000458784016246e+02,1.712811701506711159e+01,1.127168334190166661e+03
4.915394486555130129e+02,1.709155848000280287e+01,1.128949858528047798e+03
5.006897291888205359e+02,1.720378200604709562e+01,1.127975932550189100e+03
5.103603932509272454e+02,1.732697632926194586e+01,1.130441824978792056e+03
5.113973075385393372e+02,1.733552237329153911e+01,1.127776530356322610e+03
5.079525828691965899e+02,1.729423502406537239e+01,1.128452696605990923e+03
5.072351077112374469e+02,1.728419900052679026e+01,1.127638046369046606e+03
5.181482002678794743e+02,1.742359335719762115e+01,1.131264061666459156e+03
5.188984412109302866e+02,1.742857200437250853e+01,1.128451083849799033e+03
5.282914529978412475e+02,1.754407979748910762e+01,1.129226132214853124e+03
5.329612815047394179e+02,1.760036687038909520e+01,1.129049909266233271e+03
5.318596018787612820e+02,1.758712754044297455e+01,1.129085482036255144e+03
5.220370050189185349e+02,1.746874043060618220e+01,1.129677674702068998e+03
5.103910919879268704e+02,1.732671491027562283e+01,1.130019770279810018e+03
4.817898370557722387e+02,1.696723950601898068e+01,1.127569506209835481e+03
4.437069306227545553e+02,1.647924330313196961e+01,1.126682585532486428e+03
4.639546661100636697e+02,1.674159634362873561e+01,1.127757001247626249e+03
5.208167084908782272e+02,1.744313280989545234e+01,1.122723562302518076e+03
5.264219511017249715e+02,1.752371636260312115e+01,1.130709838291426195e+03
5.262487504165370638e+02,1.752049470203321491e+01,1.130009181660480181e+03
5.291162841369962280e+02,1.754921267136007046e+01,1.126057023906940913e+03
5.385522625809203419e+02,1.766851821200013362e+01,1.129485671983050452e+03
5.477378123984121885e+02,1.777730212540176069e+01,1.128553311537695208e+03
5.550764368737634413e+02,1.786616184685093955e+01,1.129429603729563269e+03
5.660305088231987156e+02,1.799590847287816686e+01,1.129386848299021949e+03
5.774866270316563259e+02,1.812999978007888302e+01,1.128957356933624396e+03
5.799838067197074452e+02,1.815995265008852755e+01,1.129385870020730636e+03
5.856483721607424968e+02,1.822618631878550133e+01,1.129658538620176614e+03
5.789808519277094092e+02,1.814997194241797018e+01,1.130639091099586722e+03
5.679766946778250940e+02,1.802011230512750117e+01,1.130192122078474313e+03
5.993413826543305731e+02,1.838460694209330981e+01,1.129326322877639541e+03
6.169269382166380637e+02,1.858439386151248129e+01,1.128030576668577623e+03
5.971392849340192015e+02,1.835446202386666670e+01,1.126193642247578055e+03
6.097775360950772665e+02,1.850561616434967149e+01,1.130024992500215831e+03
6.094893025405488061e+02,1.849840366967875127e+01,1.127325378497569318e+03
6.204546206477541546e+02,1.862707658984122006e+01,1.129847710472700555e+03
6.191828423214808481e+02,1.861353829904723511e+01,1.130443382912811558e+03
6.277589416136469254e+02,1.870735448182611904e+01,1.128064959778734647e+03
6.265199092981858939e+02,1.869646178964317684e+01,1.130231713417163064e+03
6.369985342456697026e+02,1.881620218389956278e+01,1.131033170438171510e+03
6.398546455914065518e+02,1.884997086092070973e+01,1.132316070342193370e+03
6.468715501277583826e+02,1.892606373153449084e+01,1.130449753241753569e+03
6.468792074995479879e+02,1.892726166553566358e+01,1.131334051097241854e+03
6.533861063399767772e+02,1.899835600574106920e+01,1.130233255539598986e+03
6.632629916987614251e+02,1.910870914845866864e+01,1.130731237704090972e+03
6.675440808479870611e+02,1.915470592198606070e+01,1.129785100676772799e+03
6.700316564280849434e+02,1.918322216871134955e+01,1.130727229643247483e+03
6.767131204185587876e+02,1.925569473233697693e+01,1.129827781114552863e+03
6.771986419726438271e+02,1.926017710495422008e+01,1.129237608691128798e+03
6.641529580713562382e+02,1.911829240261270613e+01,1.130608905323000499e+03
6.774030386936975674e+02,1.926019136271558096e+01,1.127815116405512754e+03
6.945298371039344829e+02,1.944744259352613014e+01,1.127942717703888093e+03
7.009161607164511452e+02,1.952281951703919205e+01,1.132322075539176694e+03
6.992492530839381288e+02,1.950296129087689678e+01,1.131076912723192208e+03
7.040869236131412663e+02,1.955242631628644290e+01,1.128885987994852940e+03
7.112435711443662285e+02,1.963052958487216415e+01,1.129757625556451103e+03
7.063207485834246881e+02,1.957550185642138985e+01,1.128234421060086333e+03
7.051552626210312837e+02,1.956553086931484131e+01,1.130084405769005798e+03
7.197942569274480320e+02,1.972417818924161637e+01,1.130987577764751677e+03
7.317450681607468823e+02,1.985192418558823491e+01,1.131361970378603246e+03
7.427120993992430158e+02,1.996692434314094555e+01,1.130352928157661609e+03
7.423279234541347478e+02,1.996413673183093707e+01,1.131247994285241703e+03
7.550896895375720987e+02,2.009358081370437787e+01,1.127773808624193862e+03
7.566489714394048178e+02,2.011569477173581788e+01,1.132006837767420620e+03
7.639777080706470542e+02,2.018889437775407814e+01,1.129469510772880312e+03
7.731638877146676805e+02,2.028583546148721695e+01,1.130377898641329011e+03
7.777880175137670449e+02,2.033225726354370266e+01,1.129444409503525321e+03
7.829008640746513947e+02,2.038781274549049272e+01,1.131301992059608892e+03
7.813971343909694269e+02,2.037327083783853610e+01,1.131932624020247431e+03
7.868973235140018687e+02,2.042678274946644734e+01,1.129665649677083138e+03
7.855858515078008395e+02,2.041421590724335999e+01,1.130247205719938847e+03
7.957709084912323760e+02,2.051925846076520088e+01,1.130522390260751990e+03
8.006546198069038383e+02,2.056819030968709328e+01,1.129684102776569262e+03
8.098734012634168948e+02,2.066294227506487502e+01,1.130178703231165400e+03
8.124922947999654070e+02,2.069163922997498517e+01,1.131835110238443576e+03
8.130481022806018245e+02,2.069380260218479606e+01,1.129119428942184413e+03
8.269011844401868530e+02,2.083664499690699401e+01,1.131040648610504604e+03
8.186973728043424217e+02,2.075233960118251630e+01,1.129927175135350353e+03
8.353053013599112546e+02,2.092053634689161967e+01,1.130451499343046180e+03
8.384037428297153838e+02,2.095081791518450842e+01,1.129821013779773011e+03
8.420864772748060432e+02,2.099259819534567129e+01,1.133510976558834727e+03
8.472615050034758042e+02,2.104056419712033588e+01,1.130702662669218398e+03
8.541463058454420434e+02,2.110684885775755859e+01,1.128961443356647351e+03
8.634693162949961334e+02,2.120160326014796937e+01,1.130544166310823130e+03
8.758787007640702313e+02,2.132702648248845279e+01,1.132695455643959576e+03
8.756182468801525829e+02,2.132116637546470628e+01,1.130102700911874081e+03
8.860974355113772845e+02,2.142829412254915056e+01,1.133185494609521129e+03
8.908267712396327624e+02,2.147079325491201018e+01,1.130389683007336316e+03
9.044231485469172185e+02,2.136238826871376162e+01,1.131941287471692021e+03
9.021140145864928854e+02,2.158218272715093988e+01,1.131340800148834433e+03
9.056367044827068185e+02,2.161788852355212853e+01,1.132404341264168124e+03
9.158427400732909973e+02,2.171423598419890411e+01,1.130430717305314147e+03
9.193591241876657705e+02,2.175097839681987466e+01,1.132692632217712116e+03
9.276069119871327757e+02,2.182891879017892833e+01,1.131637998750868064e+03
9.377173818734160022e+02,2.192652508368001207e+01,1.132068110828352246e+03
9.382178255154984754e+02,2.193097934502684510e+01,1.131899244830430689e+03
9.499178290442212074e+02,2.204302168426121611e+01,1.132296977498033129e+03
9.458875553747734557e+02,2.200725199560391232e+01,1.134294954760785231e+03
9.598014465946553173e+02,2.213658308652293627e+01,1.132156317961211698e+03
9.491197180224896783e+02,2.203421920557600089e+01,1.131287629929624927e+03
9.637142548069376744e+02,2.217492028462906006e+01,1.133180586822326177e+03
9.622813818643711556e+02,2.215893049370091106e+01,1.131221567930499532e+03
9.794106647966762011e+02,2.232181675016143529e+01,1.132310047990562680e+03
9.784886698898239956e+02,2.231299681702314430e+01,1.132251952781077762e+03
9.909686801459057506e+02,2.242759385636540514e+01,1.130424764653298553e+03
1.004206299921642426e+03,2.255212677790984799e+01,1.131413325340916117e+03
1.000520664802079978e+03,2.251758138665387321e+01,1.131372978866672383e+03
9.940763350617662581e+02,2.245787804606041504e+01,1.131521202402103199e+03
1.002705319516227974e+03,2.253668711311794581e+01,1.130345196036342259e+03
1.016719115364507616e+03,2.266936986170314228e+01,1.132611640198524810e+03
1.014015749757796812e+03,2.264492395483868137e+01,1.133024683759198297e+03
1.019925278873261846e+03,2.269845416353736667e+01,1.132209807136634936e+03
1.035801610276034125e+03,2.284412680754502389e+01,1.131982987804364029e+03
1.049672500606610811e+03,2.296748352105438684e+01,1.129357860896612692e+03
1.041409360800437071e+03,2.289639110525691734e+01,1.132681603798512697e+03
1.052458270911892214e+03,2.299691212601292278e+01,1.132501499211962482e+03
1.059845917290861507e+03,2.306108214789346178e+01,1.130186586103107402e+03
1.053211329345707327e+03,2.300193750022029349e+01,1.131011911356509245e+03
1.075077974924003684e+03,2.319937274785404213e+01,1.130620413547815133e+03
1.074534996226758494e+03,2.319603190767350043e+01,1.131873119176224691e+03
1.072910244439499593e+03,2.318201529180280929e+01,1.132312991575513706e+03
1.084403198259182545e+03,2.328722018681076733e+01,1.133924548338336990e+03
1.095822051286183523e+03,2.338935377404417437e+01,1.133732697731195231e+03
1.084814347341524353e+03,2.328829903396538015e+01,1.131817745847569540e+03
1.100262685112781810e+03,2.342892365336670224e+01,1.133709263163787000e+03
1.085105102004529272e+03,2.329028013505092787e+01,1.131238455783386598e+03
1.092818059406003385e+03,2.336083402974573886e+01,1.132453563044562088e+03
1.107225971986072409e+03,2.348843839988344939e+01,1.131672300320389240e+03
1.108380264312411100e+03,2.349700184741022468e+01,1.130295825905494212e+03
1.110377264583438546e+03,2.351481568538777722e+01,1.130243342532741281e+03
1.114282576833703160e+03,2.355301472567485987e+01,1.133218035120274180e+03
1.126690891389042235e+03,2.433918123497012331e+01,1.132445911961304546e+03
1.118189708605040551e+03,2.358711917255269697e+01,1.132802681273920143e+03
1.131316135501619556e+03,2.370240132805197319e+01,1.132077897546543682e+03
1.123312861198342262e+03,2.363318813880325564e+01,1.133480664159331582e+03
1.100248793144714909e+03,2.342655656013276655e+01,1.131997805720723818e+03
1.106460970647306340e+03,2.347966158710852014e+01,1.130094583384880025e+03
1.135733201107937020e+03,2.441135058179356321e+01,1.131409934677362799e+03
1.136178620550180540e+03,2.374597033136897295e+01,1.132912924651258209e+03
1.145561307150177754e+03,2.382869118053417523e+01,1.133018444883510710e+03
1.154088332716597961e+03,2.390201071829829971e+01,1.132038462311023977e+03
1.151874989727001093e+03,2.388101696493861326e+01,1.130662576941261705e+03
1.154949574751132104e+03,2.390680044467499243e+01,1.129766793298316088e+03
1.142913152829337832e+03,2.380292620520222613e+01,1.131065255097772251e+03
1.142962375182674123e+03,2.380540752555690887e+01,1.132730426077407174e+03
1.162822251276263614e+03,2.397670155915456647e+01,1.130743616978297268e+03
1.164827557708005088e+03,2.399704695084084349e+01,1.133275726204355806e+03
1.191568683977417322e+03,2.422847672143059583e+01,1.133152272233764052e+03
1.187156841186049178e+03,2.418918408867520853e+01,1.132094491487034475e+03
1.189998964801852708e+03,2.421417079972047759e+01,1.132503344330683149e+03
1.183025232240514470e+03,2.415173158216339999e+01,1.130532390885227414e+03
1.177198430069046026e+03,2.410341284838555964e+01,1.132413570504296558e+03
1.176702320931599616e+03,2.409745128950915927e+01,1.131095810722015358e+03
1.201348131897509347e+03,2.431253652604228677e+01,1.133117817110384067e+03
1.212402737715285866e+03,2.440672113647932662e+01,1.132669109140871115e+03
1.208642277949395975e+03,2.437331183776021248e+01,1.131535646338587640e+03
1.202319212015284847e+03,2.432249976497385546e+01,1.134517832339294500e+03
1.216261169374467499e+03,2.443925453408155590e+01,1.132427002624044917e+03
1.219929439785199975e+03,2.447121820737105935e+01,1.132874624540591867e+03
1.218626219254374519e+03,2.446071904216234927e+01,1.133524576261630045e+03
1.219242948343427543e+03,2.446283710522465782e+01,1.130841455140840935e+03
1.220018051528495562e+03,2.447386890710808771e+01,1.134630010672025037e+03
1.220174605600286668e+03,2.447169258195996377e+01,1.131584850113672701e+03
1.229282469560736672e+03,2.455152973343992073e+01,1.133569062600854522e+03
1.219295826028749389e+03,2.446995904516104403e+01,1.136409892177100119e+03
1.237739469159115060e+03,2.462327790983953335e+01,1.133597099924104668e+03
1.241465133513147293e+03,2.465568878573392197e+01,1.134384659796735832e+03
1.255423498161180305e+03,2.477427241517737500e+01,1.134972391300455456e+03
1.265233827876506894e+03,2.486674704615188602e+01,1.143578350884439260e+03
1.258979680014859014e+03,2.482040548678617853e+01,1.148819933641815851e+03
1.265097435440194204e+03,2.487112435763765461e+01,1.148328063091877084e+03
1.255681212951342104e+03,2.478746596625670406e+01,1.144380296530944634e+03
1.264503778639306802e+03,2.486003657812648626e+01,1.143095197499466167e+03
1.254130149906870201e+03,2.476220188064160155e+01,1.134028837397022471e+03
1.241769463867469767e+03,2.465699423951202363e+01,1.133290132223664614e+03
1.253455067820867271e+03,2.475371251957532337e+01,1.131624264425137426e+03
1.263100911187982092e+03,2.483563918450811059e+01,1.132238721276835122e+03
1.274152276686347022e+03,2.492851848131588710e+01,1.132563564373884446e+03
1.269788629960753042e+03,2.489332662108645522e+01,1.133702902831355459e+03
1.273314993810308351e+03,2.492408581628880171e+01,1.134668012746874410e+03
1.266724634478091502e+03,2.486698214915955774e+01,1.133035531948376502e+03
1.271500418156702608e+03,2.490901368182683839e+01,1.134792252737598119e+03
1.289834303448581522e+03,2.505975348923322699e+01,1.132850290636015416e+03
1.285776841233055848e+03,2.502505905403557307e+01,1.132120897174550009e+03
1.286039232269329204e+03,2.502798229232010740e+01,1.132762460750677519e+03
1.278381998180486562e+03,2.496609499687960110e+01,1.134432699649274127e+03
1.279369022493202465e+03,2.497321265915296351e+01,1.133488854104391294e+03
1.283971431376138298e+03,2.501242623528787590e+01,1.134233389137541508e+03
1.274293147496268602e+03,2.493072391784778219e+01,1.133460871465425953e+03
1.276018475369404086e+03,2.494455363339737630e+01,1.132932284422272232e+03
1.282561956370018606e+03,2.499921874631534280e+01,1.133003264614388854e+03
1.272786223843251719e+03,2.491982113229648732e+01,1.135012498047272175e+03
1.274213196679105522e+03,2.492924432718746530e+01,1.132817448403237677e+03
1.289994230168058721e+03,2.506339798053728174e+01,1.134943658051027796e+03
1.294042938320279063e+03,2.509553089824543903e+01,1.133609835139502820e+03
1.293969061495162123e+03,2.509695161936220131e+01,1.135467424825752460e+03
1.289649812019327783e+03,2.505779102715219153e+01,1.132685240809007837e+03
1.281210991609666735e+03,2.498596066731748522e+01,1.131356329191839905e+03
1.267355785220390317e+03,2.487462148327253075e+01,1.135174136999660732e+03
1.281125980041068487e+03,2.498989732627983784e+01,1.135355827142479257e+03
1.283922406216804802e+03,2.501273894042684987e+01,1.134968698872384721e+03
1.295970616804378096e+03,2.511178567694013708e+01,1.133889601866210569e+03
1.295072623646505463e+03,2.510520714233086537e+01,1.134658505694613041e+03
1.297693200973533294e+03,2.512756905198569513e+01,1.135130652656213897e+03
1.299614230858190240e+03,2.513844138237670123e+01,1.130781855685404025e+03
1.300373508423565681e+03,2.514940325682313826e+01,1.134928075784216617e+03
1.298376579537062753e+03,2.513327842931798273e+01,1.135283267162116772e+03
1.290589071374956120e+03,2.506732830127351974e+01,1.134177899128545732e+03
1.308688621530863657e+03,2.521703957409335217e+01,1.133859878388837615e+03
1.309130989976268211e+03,2.521925754626065697e+01,1.132598414436056146e+03
1.303458090537195403e+03,2.517260392188551066e+01,1.132737133810122486e+03
1.302005116757324686e+03,2.515971809725428798e+01,1.132151868248450228e+03
1.270394737204746434e+03,2.490018261599868765e+01,1.135310753227997338e+03
1.248237228383573665e+03,2.470987854766323366e+01,1.132019502105945776e+03
1.204474691534388057e+03,2.433651132190885136e+01,1.131148016658714369e+03
1.220574450787874639e+03,2.447605669687835572e+01,1.132798146939216167e+03
1.276706956283346244e+03,2.495307353114892734e+01,1.135481611150226854e+03
1.279519762996786540e+03,2.497912169411053185e+01,1.137658103635293628e+03
1.275335891512794660e+03,2.493939081215417986e+01,1.133566773776798300e+03
1.303371758054692918e+03,2.517057172714913804e+01,1.131746191340566156e+03
1.315245234029431685e+03,2.527187401113923926e+01,1.134564426487258970e+03
1.328033980183634640e+03,2.537658362038325421e+01,1.134019189450425529e+03
1.340883737014910139e+03,2.548096669485137156e+01,1.133231532424516445e+03
1.350876322858590356e+03,2.556412900000107413e+01,1.134542051335273754e+03
1.349298993650561670e+03,2.555301315699047393e+01,1.136166940907587104e+03
1.351859537377627476e+03,2.557078677768798869e+01,1.133461951891339368e+03
1.362228321116177540e+03,2.565471421605064961e+01,1.133136227329093572e+03
1.350438820901933923e+03,2.556042274461210795e+01,1.134494292647244038e+03
1.348598998414466223e+03,2.554614628159093215e+01,1.135152691366609588e+03
1.355166914379222362e+03,2.559810238389864168e+01,1.133790315419847275e+03
1.364976218969516367e+03,2.567891126040528249e+01,1.134843745126807562e+03
1.362333982064458723e+03,2.565620765718542629e+01,1.133606232018702485e+03
1.361675498932190067e+03,2.565213767436063819e+01,1.134771912872810162e+03
1.326766110536193992e+03,2.536776451446603531e+01,1.135512591829945222e+03
1.237693805012871962e+03,2.462218106627181058e+01,1.133392707495134573e+03
1.257312867114061874e+03,2.479191750409332329e+01,1.136858750911224888e+03
1.323357021165265223e+03,2.534812149507201084e+01,1.142796170209969887e+03
1.231093053385299072e+03,2.457714282849762455e+01,1.142712265135048710e+03
1.157453983493282749e+03,2.394248157586735104e+01,1.142003071907440926e+03
1.212335755099493326e+03,2.441267395703523846e+01,1.138870242452070670e+03
1.346859121609711565e+03,2.553254902187029529e+01,1.135702549772193379e+03
1.383271282490981775e+03,2.582640915274588878e+01,1.134299165566976171e+03
1.385586733207900579e+03,2.584607739236455615e+01,1.135265150947883058e+03
1.390307852241014643e+03,2.588391191626370258e+01,1.135047730201063359e+03
1.389449708783395181e+03,2.587755505444735249e+01,1.135557944714872519e+03
1.394383656979795433e+03,2.591928506842707947e+01,1.137347343464175538e+03
1.394738002990832456e+03,2.591966565108015885e+01,1.135174671881759650e+03
1.413160137829045198e+03,2.606741186560435608e+01,1.135400257199438329e+03
1.412889455295172411e+03,2.606689672177618178e+01,1.136798381214535766e+03
1.414749262766288211e+03,2.608020505598377525e+01,1.135527852570375899e+03
1.419381848122562815e+03,2.611750547384714238e+01,1.135804612764431340e+03
1.424099703642245458e+03,2.615437673918823336e+01,1.135204793160505005e+03
1.411253375111449031e+03,2.605184688391241110e+01,1.135111204497723065e+03
1.418672649867043901e+03,2.610958716426875625e+01,1.133736036596709710e+03
1.422061479630014901e+03,2.613667420988211632e+01,1.133886262871035115e+03
1.414550185622473464e+03,2.608082978513826333e+01,1.137434243359182801e+03
1.432353515399816615e+03,2.622153900232872559e+01,1.136564130757376688e+03
1.419931824211750154e+03,2.612062767250760587e+01,1.134645186556666431e+03
1.428707956428220768e+03,2.619016951975933338e+01,1.134386829185417128e+03
1.429802643625342398e+03,2.619788890666711723e+01,1.133464970657884805e+03
1.426677986576073636e+03,2.617432050730161208e+01,1.134616933716586573e+03
1.443108264992967861e+03,2.630495928260306471e+01,1.134962843349377636e+03
1.422510257280309361e+03,2.617891052440171151e+01,1.169286133637976718e+03
1.434368717429088747e+03,2.623581800405952791e+01,1.134997483062532410e+03
1.448477362056889206e+03,2.634544899699017861e+01,1.133159618662648882e+03
1.454190592686146147e+03,2.639411929665192957e+01,1.136358032538085581e+03
1.460874105365446212e+03,2.644397357749666710e+01,1.133856878675368534e+03
1.461654490577956267e+03,2.644880558178397578e+01,1.132682527614006858e+03
1.458672578332055764e+03,2.642713972561494629e+01,1.134268097603618571e+03
1.452586591827724078e+03,2.637726303261392147e+01,1.132649682970594085e+03
1.469549422364980273e+03,2.651228713496583822e+01,1.133965137086849609e+03
1.469959102022178058e+03,2.651683680605901827e+01,1.135199745264916373e+03
1.489727028553756099e+03,2.666930426092465467e+01,1.133225291712045873e+03
1.487581908977914054e+03,2.665369136484276424e+01,1.134311128249323019e+03
1.494595572424915190e+03,2.670930894547037937e+01,1.135096839920978709e+03
1.484792007994733694e+03,2.663402040148965355e+01,1.136132287926005120e+03
1.492729992301893162e+03,2.669391129777088878e+01,1.134289418830663180e+03
1.498964767069505342e+03,2.674074503761522692e+01,1.132811168659183295e+03
1.506089526932139961e+03,2.679966233260060449e+01,1.135984132033384867e+03
1.508649551078687409e+03,2.682048198753002666e+01,1.136837312457965936e+03
1.505773878332656295e+03,2.679439685838969254e+01,1.133456084967464449e+03
1.518867746268677138e+03,2.689642883366394699e+01,1.134014068734892135e+03
1.521740150388876373e+03,2.691997829396742503e+01,1.135193297195964760e+03
1.520991716434031559e+03,2.691057080411965075e+01,1.131897012250419948e+03
1.517486306474890171e+03,2.688744317872375689e+01,1.135504239967204740e+03
1.518150216908437642e+03,2.688948808057649131e+01,1.132721856477436631e+03
1.522875155839381023e+03,2.692756002546351368e+01,1.134074810880073301e+03
1.534432208733723883e+03,2.701832231155536945e+01,1.135631780910594671e+03
1.520820492732226285e+03,2.691124972293973983e+01,1.133725376277380519e+03
1.541530210225943392e+03,2.707080946270938426e+01,1.133759613456414399e+03
1.540030659351156373e+03,2.705864868890517627e+01,1.133130159951955648e+03
1.542384346638161787e+03,2.707750810546724907e+01,1.133904966824183930e+03
1.544764352918876966e+03,2.709711225859055617e+01,1.135087060318504427e+03
1.532949393545234443e+03,2.700634844104668630e+01,1.135129508814087785e+03
1.531604504230192788e+03,2.699518937741434854e+01,1.134417539357743863e+03
1.522203780893435351e+03,2.692239833079479538e+01,1.134163104456034716e+03
1.497295057722356660e+03,2.672886517283542318e+01,1.133808522223639784e+03
1.489008387837744067e+03,2.666544380683855309e+01,1.134767385682190024e+03
1.501801206153814064e+03,2.676541691139761880e+01,1.135152254363480552e+03
1.507163585911487644e+03,2.680566209334853767e+01,1.133881506002064725e+03
1.511020221481148383e+03,2.683503195849039002e+01,1.133372634530525829e+03
1.512371186868638006e+03,2.684385410836972241e+01,1.131837081070834984e+03
1.512728085192635263e+03,2.684936207274933651e+01,1.134379121513939026e+03
1.500093252683891251e+03,2.675173257306982677e+01,1.134753597403421736e+03
1.495195731543223928e+03,2.671240215188153400e+01,1.133679349365175995e+03
1.525110626466038411e+03,2.694484619137069004e+01,1.134143624914011980e+03
1.538143698962552662e+03,2.704578485018828005e+01,1.134670307204574556e+03
1.545166238220654350e+03,2.710215888299510922e+01,1.136874277534130215e+03
1.545843472367625736e+03,2.710735222051256699e+01,1.136877319263551044e+03
1.543232524440664974e+03,2.708451997069899875e+01,1.134298115013717279e+03
1.546614738926490190e+03,2.711202514470202374e+01,1.135782161271646146e+03
1.539779912710061581e+03,2.705782996064930401e+01,1.134185639530281833e+03
1.552108029460834132e+03,2.715352954829198495e+01,1.135243819067984987e+03
1.554807216515838263e+03,2.717358438904664908e+01,1.134683393948443836e+03
1.558246202958307549e+03,2.719880031997082170e+01,1.133699695354284131e+03
1.550798533762093484e+03,2.714268868771284460e+01,1.134473714651325054e+03
1.544485967705092662e+03,2.709631810536140151e+01,1.136291906207643251e+03
1.529974043191232340e+03,2.698386484565973120e+01,1.135554082654105741e+03
1.492440423387317651e+03,2.669299056842826090e+01,1.135520877029410258e+03
1.428195707257699269e+03,2.618714162635572151e+01,1.135339250465095120e+03
1.325235997259700071e+03,2.535456786543088370e+01,1.134945529434354285e+03
1.329688102562843369e+03,2.539220257718866947e+01,1.135852859427140629e+03
1.474129229308673757e+03,2.655173183350501276e+01,1.137219674346709780e+03
1.516137638007564874e+03,2.688105589385381577e+01,1.139200172512136533e+03
1.516292012606643084e+03,2.687763871833392315e+01,1.135044603925659430e+03
1.526500585489707873e+03,2.695610526575134358e+01,1.134645716343341292e+03
1.512612341156132970e+03,2.684954653454060036e+01,1.135381764104083004e+03
1.519566928277114130e+03,2.690303930943166577e+01,1.135106426113704856e+03
1.526339994126156171e+03,2.695540111996286825e+01,1.135146655987975919e+03
1.540715719373034744e+03,2.706572757075512925e+01,1.134866311759553355e+03
1.553701823021239761e+03,2.716602463170114845e+01,1.135529122894415877e+03
1.551507829834316226e+03,2.714765037022079142e+01,1.134085276567591109e+03
1.549249938045873932e+03,2.713388976348419845e+01,1.137309539225101844e+03
1.546633322604351861e+03,2.710895407116052525e+01,1.132855380569326599e+03
1.548252603888571912e+03,2.712523541600506505e+01,1.136403679666326298e+03
1.537348846928852481e+03,2.704083259256285388e+01,1.135772739681503936e+03
1.533310206889357687e+03,2.700821230250602767e+01,1.134361355620852464e+03
1.531783372109127868e+03,2.700120237316953364e+01,1.138685480617890107e+03
1.539172645067796566e+03,2.705319781282540248e+01,1.134232954658665449e+03
1.541408659360504998e+03,2.706978160076553053e+01,1.133718454949035049e+03
1.523345650164694689e+03,2.693310794405691055e+01,1.135898655052973709e+03
1.519534861170275690e+03,2.690100154543415911e+01,1.133477891215846739e+03
1.558413692741697105e+03,2.720106454279572361e+01,1.134638361615047188e+03
1.553506792384339860e+03,2.716305790797147424e+01,1.134196096699837881e+03
1.553292332164553500e+03,2.716165913371526131e+01,1.134428083706512552e+03
1.555293123946008564e+03,2.717428605380156981e+01,1.131976186919003112e+03
1.553968035976802412e+03,2.716600850811090950e+01,1.133669391210348977e+03
1.545322154858514523e+03,2.710414841513881257e+01,1.137689110921984820e+03
1.545707811078120358e+03,2.710392374567085128e+01,1.134772510742540817e+03
1.550924506040666756e+03,2.714385013813283010e+01,1.134737718000799077e+03
1.546321304931733948e+03,2.710885744653031182e+01,1.134984351629499088e+03
1.529897063193260919e+03,2.698302988352464737e+01,1.135374092466186539e+03
1.536009816244250487e+03,2.702664852464396716e+01,1.132233973570595253e+03
1.531334808386143777e+03,2.699210826309207079e+01,1.133557697282679783e+03
1.518552044401616513e+03,2.689377741353225559e+01,1.133834503517575968e+03
1.499868109977179529e+03,2.675102273759376814e+01,1.135733758014027671e+03
1.509276130282125905e+03,2.682265680722001733e+01,1.134466607525532709e+03
1.497144485410385641e+03,2.672852443926280941e+01,1.134565602773293904e+03
1.509804717370911703e+03,2.682783875345482372e+01,1.135451201259698792e+03
1.496718406541474678e+03,2.672491353617673937e+01,1.134286420846759711e+03
1.514238327296256557e+03,2.686139392833765172e+01,1.134747261938444808e+03
1.505416155438191026e+03,2.679235501093488381e+01,1.134153086345766269e+03
1.504379113280932415e+03,2.678496228560015524e+01,1.134742937677193822e+03
1.508288556584930120e+03,2.681432368770062880e+01,1.133865739695138018e+03
1.506804772902118202e+03,2.680491335203593906e+01,1.135775684250956374e+03
1.504040747456924237e+03,2.678040669001054042e+01,1.133001729903524847e+03
1.520531867269869508e+03,2.690789294386286201e+01,1.132778639474728152e+03
1.504914270960343629e+03,2.678949069571261887e+01,1.135093232840277551e+03
1.502825794413811991e+03,2.677267630033959378e+01,1.134551970135594274e+03
1.487541286841350257e+03,2.724949749216643369e+01,1.132556897509926785e+03
1.470015608707308047e+03,2.651458294141401950e+01,1.132759129945378163e+03
1.476726768317094411e+03,2.657011539429819180e+01,1.135406820128269828e+03
1.462740615198430760e+03,2.646090959352986971e+01,1.135873725504168078e+03
1.457637510521149579e+03,2.642074601271006884e+01,1.135860702640934733e+03
1.464720548908821684e+03,2.647649549253078405e+01,1.135892845730632416e+03
1.478743778278131231e+03,2.658548061990829225e+01,1.135029162298128313e+03
1.466427081300767213e+03,2.710118670899021609e+01,1.137188657648985554e+03
1.439103319494716743e+03,2.627638675113492894e+01,1.137643742341736925e+03
1.359192638090684113e+03,2.563834632369720268e+01,1.140176563032732474e+03
1.290288281081088371e+03,2.506667967333895675e+01,1.135527574314262665e+03
1.354360168810754431e+03,2.622098974363003521e+01,1.135875951246016029e+03
1.444328683736459880e+03,2.631609007678657264e+01,1.136171707308943269e+03
1.457149415811028121e+03,2.641700863630115137e+01,1.135947161191176519e+03
1.470460785485863198e+03,2.652079860520608534e+01,1.135204012962088882e+03
1.465437553744220168e+03,2.648171407452058901e+01,1.135511631811017196e+03
1.466205472235375964e+03,2.648781091739220273e+01,1.135572969256238821e+03
1.463317927268959693e+03,2.646506509240423810e+01,1.135521161580689750e+03
1.459198936331741834e+03,2.643307174918297875e+01,1.135884908123127843e+03
1.461155377446091734e+03,2.644669558382610575e+01,1.134288627692210639e+03
1.442334527571392528e+03,2.629902409589458046e+01,1.134992585051008518e+03
1.422030660227898579e+03,2.613759746202572742e+01,1.134750213605020917e+03
1.449133974691070989e+03,2.635197900643698077e+01,1.134308578156813155e+03
1.447922917062080614e+03,2.634124364466738299e+01,1.133248996457859676e+03
1.448598195523203003e+03,2.635013045340610560e+01,1.136436371825306196e+03
1.448708524214583349e+03,2.634994019996048564e+01,1.135477248643011990e+03
1.451174384694474838e+03,2.636755160486776361e+01,1.133827479580523914e+03
1.446164682456241735e+03,2.632683613316514482e+01,1.132779844439652152e+03
1.435819365611543390e+03,2.624860600777812891e+01,1.136046242877962413e+03
1.434983258602695287e+03,2.624095205015009569e+01,1.135116901178487069e+03
1.437133783642977733e+03,2.625482664327060789e+01,1.132284111008586478e+03
1.417463978970662765e+03,2.610108625337055344e+01,1.134606809716761745e+03
1.422089154464297962e+03,2.613924161738813723e+01,1.135771269929656455e+03
1.392927724396257418e+03,2.590563461646970822e+01,1.135450889388374208e+03
1.315680716246300790e+03,2.527716169902485177e+01,1.135590774272957105e+03
1.351953401854828599e+03,2.557419620834976115e+01,1.135458112938442355e+03
1.427717892954664421e+03,2.618049779372854147e+01,1.132636881224250601e+03
1.419138463043132560e+03,2.611395675069207556e+01,1.134174264535321527e+03
1.412924897311464974e+03,2.606438395162454924e+01,1.134170587401830062e+03
1.410465133556078854e+03,2.604734164954570730e+01,1.136462816474613646e+03
1.415991997058206152e+03,2.608959655123588206e+01,1.134825642751141913e+03
1.429924656466634133e+03,2.620003658863091900e+01,1.134416798708729402e+03
1.435821437093194390e+03,2.624723242749454855e+01,1.134774421891346037e+03
1.431166876613553086e+03,2.621153886925001331e+01,1.135880155159498599e+03
1.419504251030393107e+03,2.611826135681519645e+01,1.135423806506737492e+03
1.416175979206273041e+03,2.609229129760372956e+01,1.135894000151957471e+03
1.412765323296193856e+03,2.606466551548869504e+01,1.135522208900860505e+03
1.409406209549610821e+03,2.603563954501507283e+01,1.133575258132168528e+03
1.400282240778839423e+03,2.596478477257183215e+01,1.135522006126931046e+03
1.402479585019553269e+03,2.598061445829624816e+01,1.133937524158140832e+03
1.403737704568712843e+03,2.599244142026161697e+01,1.135482061349679270e+03
1.394461201050672798e+03,2.591686102059709995e+01,1.134433695352722452e+03
1.393176983498714890e+03,2.590781447522798331e+01,1.135549216895404243e+03
1.393587501950057003e+03,2.591270330982236914e+01,1.136935233103215296e+03
1.395347376274533644e+03,2.592529014151298128e+01,1.135586123062932984e+03
1.397437137232576561e+03,2.594264151730253687e+01,1.136087666995245854e+03
1.396902782480553469e+03,2.593651643772771465e+01,1.134472822116687439e+03
1.381438416797703439e+03,2.581444930086161449e+01,1.136526784889445935e+03
1.370053752525323034e+03,2.572047231273336010e+01,1.134763714061269638e+03
1.371391558309674338e+03,2.572883693046316367e+01,1.132601870754302581e+03
1.387809668848896081e+03,2.586146195678552928e+01,1.132697193151234842e+03
1.382330377267354379e+03,2.581968749992809009e+01,1.134784104500795138e+03
1.368443636105982250e+03,2.570668797377709680e+01,1.134111290891815088e+03
1.369723588742086349e+03,2.571866320603117018e+01,1.135497398275922478e+03
1.369940855314305509e+03,2.572063984030349815e+01,1.135726097938999601e+03
1.371670957746847762e+03,2.573418227947367498e+01,1.135303558376077945e+03
1.378558557266918342e+03,2.578883568745778376e+01,1.134406471632002194e+03
1.352602631259660257e+03,2.558002257012169878e+01,1.135790791782139195e+03
1.340771054761976757e+03,2.548308211664286915e+01,1.135426377552284521e+03
1.335109007569791402e+03,2.543572547962707375e+01,1.134515360659006774e+03
1.346223782760954009e+03,2.552563548800503668e+01,1.133706495410971911e+03
1.349009745983226594e+03,2.555060689976255262e+01,1.135611072992694972e+03
1.320924093262374754e+03,2.532128001237510162e+01,1.136236677722477680e+03
1.257617498770695192e+03,2.479492414578919934e+01,1.136375996215501345e+03
1.092932686068000521e+03,2.336452334462382296e+01,1.134273832315978098e+03
9.761633601239606151e+02,2.229477818079792328e+01,1.134914326793741566e+03
1.086390541159272516e+03,2.330466602061493830e+01,1.133240547758912498e+03
1.194760431410652473e+03,2.425887683449935039e+01,1.135158203105744860e+03
1.168864024762687905e+03,2.403661160533014041e+01,1.136507974620811410e+03
1.137734474403119748e+03,2.376253603579156248e+01,1.134779087460757637e+03
1.151081536341323499e+03,2.387940952713026377e+01,1.134640702049051924e+03
1.182796014726848625e+03,2.415211944148259349e+01,1.132183095675351524e+03
1.223583699627694159e+03,2.450478612280015156e+01,1.134474403564228169e+03
1.249668288419067494e+03,2.472469917443107335e+01,1.133544019894729445e+03
1.253871086347175833e+03,2.476048282731010630e+01,1.133862107880230496e+03
1.249435736874786926e+03,2.472299283443915385e+01,1.133777762988465383e+03
1.281893059082354739e+03,2.499434895940063583e+01,1.133093913554645724e+03
1.290440753913009758e+03,2.506783226125628872e+01,1.135039222584120125e+03
1.290546232340237566e+03,2.506946940735613438e+01,1.135686301189877213e+03
1.286153705639330838e+03,2.503285169388316334e+01,1.135645597903249154e+03
1.286662216516463332e+03,2.503703223486215279e+01,1.135580290669045326e+03
1.267956774342136441e+03,2.487882523326787165e+01,1.133866528684584637e+03
1.277222419072658568e+03,2.495519627770289262e+01,1.132937765851523181e+03
1.289488963158796196e+03,2.505827236716242723e+01,1.133636032727100883e+03
1.304488137232286817e+03,2.518534883292681315e+01,1.135890239612525647e+03
1.318809332105303383e+03,2.530412396557756338e+01,1.136453207637842070e+03
1.308131061364932975e+03,2.521473822856888347e+01,1.135240693166303117e+03
1.293059471361106034e+03,2.508933856972427279e+01,1.134791050780440401e+03
1.296325849572606558e+03,2.511443024572582061e+01,1.133049710252063278e+03
1.285313417152088505e+03,2.502175116891577744e+01,1.132069816049627661e+03
1.290190335358473476e+03,2.506340260672073228e+01,1.132868257116623226e+03
1.288060629539302454e+03,2.482058732821430524e+01,1.132214507119430209e+03
1.297108686024744429e+03,2.512326032608497073e+01,1.135037938461389103e+03
1.282727618998128037e+03,2.499939896144502427e+01,1.131462049737064490e+03
1.278698870025297310e+03,2.496978439600495037e+01,1.134662850545228139e+03
1.258855140863674933e+03,2.480278029905563741e+01,1.134016420674382744e+03
1.266294987405347456e+03,2.486492471836037410e+01,1.133918622239432580e+03
1.281824684760965056e+03,2.499451165286610532e+01,1.133682595742565809e+03
1.283328254228445758e+03,2.478163196076592101e+01,1.133479349374013054e+03
1.290818236683866417e+03,2.506863932852963117e+01,1.133034481373666040e+03
1.272632610659500870e+03,2.491714925665686664e+01,1.133152333347121157e+03
1.260556216599334221e+03,2.481674439205152893e+01,1.133877507007630584e+03
1.260853928016735381e+03,2.481674894436246603e+01,1.131717782627009001e+03
1.263932640138540137e+03,2.484394768440816392e+01,1.132768848878367862e+03
1.237902051370345134e+03,2.462425069606050698e+01,1.132642899630632428e+03
1.165338671660006412e+03,2.400143580991470316e+01,1.132669209685237774e+03
1.204073462971706931e+03,2.433881746128115964e+01,1.134954641657730008e+03
1.242142575765688889e+03,2.466228554857204713e+01,1.134520296011387018e+03
1.249173336040581262e+03,2.471908579530902372e+01,1.132359844027033887e+03
1.269685990984919727e+03,2.489530388434396357e+01,1.135549084451569797e+03
1.281201276869234334e+03,2.498923363747539383e+01,1.133560396940744795e+03
1.271634396713533533e+03,2.490829626786416640e+01,1.132784788183450246e+03
1.253306354625232871e+03,2.475567430986761153e+01,1.133774324865058588e+03
1.250919576151798310e+03,2.473631721996809674e+01,1.134457525402921419e+03
1.254309204577738683e+03,2.476373726646743378e+01,1.133352218602769426e+03
1.259712423024563122e+03,2.480902620844029371e+01,1.133380654998234149e+03
1.252684042310631185e+03,2.474804741424402010e+01,1.131751237730585672e+03
1.266853775172115775e+03,2.486735712682209609e+01,1.132098807365535095e+03
1.263025344693331363e+03,2.483542587777019861e+01,1.132235391889991206e+03
1.252930337126077347e+03,2.474970469423526254e+01,1.131421744409351732e+03
1.226553953235158815e+03,2.452891519377958574e+01,1.133703189761851490e+03
1.234452468509380878e+03,2.459686521825092598e+01,1.134268762518803669e+03
1.245108749045903778e+03,2.468477527962098605e+01,1.132367179007610957e+03
1.252199334397528901e+03,2.474005863222475199e+01,1.128608195801680949e+03
1.246743825851313659e+03,2.469914371514723328e+01,1.132812105803999202e+03
1.214648531830672027e+03,2.442677261603122219e+01,1.132992370729500635e+03
1.195038034397364981e+03,2.425693402959073808e+01,1.131617384956263095e+03
1.182439354698142324e+03,2.415085106680845684e+01,1.133677273902150546e+03
1.158361209502939573e+03,2.393823853296126458e+01,1.130702452386928144e+03
1.156764489106721385e+03,2.392576626324407485e+01,1.132032302900009881e+03
1.171418912969647408e+03,2.405193822650918278e+01,1.130831572206447618e+03
1.184118579771784653e+03,2.416413062938207190e+01,1.132715024780354724e+03
1.166937629960902314e+03,2.401478488820842472e+01,1.132372528641079953e+03
1.148250096379527349e+03,2.385142830964506544e+01,1.132236721869654957e+03
1.141683015290108415e+03,2.379402630089568049e+01,1.132319827842261930e+03
1.179693939321892685e+03,2.412488914510377569e+01,1.131915616996466269e+03
1.211805879211600313e+03,2.440134624958703924e+01,1.132105036500997358e+03
1.205997593135106854e+03,2.435174134701730608e+01,1.132326914201673162e+03
1.150310399273077337e+03,2.386989647582141316e+01,1.132470557348117381e+03
1.163871929335041841e+03,2.398772034171577161e+01,1.132214352125462028e+03
1.193224942301628516e+03,2.424674904948294696e+01,1.136358212792854602e+03
1.156493569404537311e+03,2.392652376078368803e+01,1.134764174001476022e+03
1.142563803726656261e+03,2.380844101211958730e+01,1.137928989485138572e+03
1.131049336805350777e+03,2.370322174135183957e+01,1.134636900498630666e+03
1.165220468897964111e+03,2.400093469596726692e+01,1.133373114807362526e+03
1.179357017825606590e+03,2.412359903731656985e+01,1.133343053359612895e+03
1.185999796104137886e+03,2.418013400476014851e+01,1.132687788757510361e+03
1.156318749473154412e+03,2.392441400537783380e+01,1.134399427004324934e+03
1.138049993347429790e+03,2.376492294531818672e+01,1.134873442227501755e+03
1.107115107814381645e+03,2.349303111832175972e+01,1.136151555542842743e+03
1.072302152782054236e+03,2.318096193228240054e+01,1.136059802474980415e+03
1.120672427349053805e+03,2.360552845584391335e+01,1.129833999237017906e+03
1.173507522400829657e+03,2.406696159689033010e+01,1.128440264103282971e+03
1.140923389547284160e+03,2.378648700708917829e+01,1.131728216855669189e+03
1.117075062877698201e+03,2.357781528262760062e+01,1.133240349821929158e+03
1.094429880270117565e+03,2.337407295505154892e+01,1.131582996095248063e+03
1.116432697349407590e+03,2.357250857394877386e+01,1.133606505533285826e+03
1.127725664219525243e+03,2.367146406774297063e+01,1.132812211729841465e+03
1.143053676210128970e+03,2.381093580724326841e+01,1.136651120086797391e+03
1.160228698079475635e+03,2.395832676794376326e+01,1.134214231840976026e+03
1.152819045432053372e+03,2.389226238162462579e+01,1.133209429639216751e+03
1.105249836390014252e+03,2.347304811822722215e+01,1.133583781344761974e+03
1.092623814382001456e+03,2.335791452936713242e+01,1.131653254351947226e+03
1.113024551668485856e+03,2.354222948136031590e+01,1.133759172422096981e+03
1.127532270911397063e+03,2.367088647146819369e+01,1.133858804713952395e+03
1.126628912456451872e+03,2.366044914495576634e+01,1.131850776594152421e+03
1.126915272610183820e+03,2.366542666331410061e+01,1.134007457928079475e+03
1.100608363004032526e+03,2.343140577060178131e+01,1.133493840414574834e+03
1.079405197475263321e+03,2.324295520932398773e+01,1.134706172000759125e+03
1.060501137141462550e+03,2.307089957092295052e+01,1.133830199157210700e+03
1.064376951390323029e+03,2.310183020779403762e+01,1.130460792648654660e+03
1.073187681997254231e+03,2.318228400907654319e+01,1.131090223988428761e+03
1.098822092517114470e+03,2.341299891017457213e+01,1.131639859059525406e+03
1.122314511740941271e+03,2.362358568331142905e+01,1.133133756035708757e+03
1.129174805136460463e+03,2.368471299583608314e+01,1.133462140853382607e+03
1.112837633736418184e+03,2.353813289889925287e+01,1.131880705676470825e+03
1.072725064261178659e+03,2.317989973147488669e+01,1.132574301298757973e+03
1.030520930508115271e+03,2.279408165242414341e+01,1.131264560317063115e+03
1.032513417228520666e+03,2.281271525386032195e+01,1.131589964643851772e+03
1.049581048357078771e+03,2.296776359025275127e+01,1.130818582423714361e+03
1.079921560981473476e+03,2.324202013220246599e+01,1.130438930800156186e+03
1.077518088526823931e+03,2.322042476304513414e+01,1.130439245183300727e+03
1.077575857734111196e+03,2.321929388013434092e+01,1.129189031355125280e+03
1.067538261608515313e+03,2.313125519796862406e+01,1.131209703247441666e+03
1.071118119912466454e+03,2.316120570220490293e+01,1.129286732729289042e+03
1.046666452061461996e+03,2.294023486902728592e+01,1.130052792677735397e+03
1.016322846379159387e+03,2.266172243334445469e+01,1.130107544601415839e+03
1.020775747653956614e+03,2.270549636646681790e+01,1.132289308076357656e+03
1.051186701276419399e+03,2.298065188099877076e+01,1.129455817081651730e+03
1.067875733939219344e+03,2.313455843821098412e+01,1.131524199013850193e+03
1.045530253760934102e+03,2.293092879478273716e+01,1.131057270713341495e+03
1.020663416442803623e+03,2.270373152765178304e+01,1.131810989348836983e+03
1.006045097953356162e+03,2.256818052971185296e+01,1.131580926458242175e+03
9.707175337011690317e+02,2.223641384565427614e+01,1.130478703608797559e+03
9.766372890909296984e+02,2.229101827929036972e+01,1.129690346888022759e+03
1.016396149295191435e+03,2.266072929252730361e+01,1.129099680575888669e+03
1.029746617884094348e+03,2.278624871526951878e+01,1.131017281592510017e+03
9.958008729563003953e+02,2.246952975906552652e+01,1.129080514114627704e+03
9.699754931518199328e+02,2.222637662467814579e+01,1.128284601981510832e+03
9.413032163979885354e+02,2.195762326229355921e+01,1.130905734185633719e+03
9.713529958166851657e+02,2.224347674809411757e+01,1.131511977537624489e+03
9.988206306300023698e+02,2.250066548302195102e+01,1.131521692393651847e+03
1.013498998602168626e+03,2.263492290330345824e+01,1.129878534423812198e+03
1.004811218056100984e+03,2.255385030039410665e+01,1.129420741812866254e+03
9.797580582754748093e+02,2.232170775117694461e+01,1.131062249654739617e+03
9.210247241223255514e+02,2.176280299134209173e+01,1.130910055818307910e+03
9.144097306620507197e+02,2.169786827463368439e+01,1.129996523533339086e+03
9.647333016439688436e+02,2.217908425832501962e+01,1.130232831589722309e+03
9.787824514568467293e+02,2.231235452186712820e+01,1.130758162194626721e+03
9.209489799676632629e+02,2.175938602930673937e+01,1.128813257914508540e+03
8.689359973795232008e+02,2.125355073396703887e+01,1.130311903426005529e+03
8.898052396485147710e+02,2.145787122014469261e+01,1.129712983668154720e+03
9.182410902138167330e+02,2.173630418833884193e+01,1.131260317383512302e+03
9.403672330698760788e+02,2.194481484870445342e+01,1.128052331836569238e+03
9.210617631813381649e+02,2.175998677080707466e+01,1.128567159532149390e+03
8.505554772803152446e+02,2.107068098698298186e+01,1.130243955132926658e+03
6.194635898218537022e+02,1.861168683196464357e+01,1.128600325123540870e+03
3.441274558709632174e+02,1.512756365174121420e+01,1.127432348756788997e+03
2.293655610166794361e+02,1.338238161685247718e+01,1.127749493949114139e+03
2.411615899663918299e+02,1.357458567364127333e+01,1.128337910379698315e+03
3.646220322100686531e+02,1.541954142908457648e+01,1.129364282687519790e+03
5.146662674805127153e+02,1.737703051215448724e+01,1.129799648588926175e+03
4.905967694782765420e+02,1.707556355813881765e+01,1.127322454971420029e+03
4.078915229860332374e+02,1.600547203576327959e+01,1.126219159275065067e+03
4.102273467026049047e+02,1.604046385865810365e+01,1.128501041194027721e+03
4.562200778178956853e+02,1.664234826383569299e+01,1.128413762092069646e+03
5.068416499949905756e+02,1.727955248974171099e+01,1.128886918168125703e+03
5.301539708892137241e+02,1.756199887749613353e+01,1.127461783779904636e+03
5.579824194941761561e+02,1.789035242713673313e+01,1.123977151016752487e+03
5.740190609194308990e+02,1.808351084258909580e+01,1.126532284574274627e+03
5.776567610085140814e+02,1.812790166845627482e+01,1.127741572952297702e+03
5.866589584820055734e+02,1.823332007058675330e+01,1.127997460754477515e+03
6.689506329587234177e+02,1.916344630276059391e+01,1.126911839722300783e+03
7.155295689063085547e+02,1.966948084295275123e+01,1.126500836783691966e+03
7.018542511919504250e+02,1.952373910556848813e+01,1.127599271878771560e+03
6.642504306857965730e+02,1.911376349368816818e+01,1.128481296480168339e+03
6.393794009874575295e+02,1.883738417246086172e+01,1.129098964438014946e+03
6.243296635710285045e+02,1.866233248701059466e+01,1.125572569661196667e+03
6.158232848017582910e+02,1.857253367536549504e+01,1.130346653707460291e+03
6.779317310028136490e+02,1.926465718898936430e+01,1.128683984008976722e+03
7.002331000376060501e+02,1.951005122767126920e+01,1.130349706553210581e+03
6.888762928542432746e+02,1.938614715152986889e+01,1.129954957419934544e+03
6.550961233049724797e+02,1.901667941980362642e+01,1.131750751515839056e+03
6.143005694460891846e+02,1.855232300504047416e+01,1.128352334766899958e+03
5.880517876176450045e+02,1.825105266103390989e+01,1.129157594656551737e+03
5.913018646817400850e+02,1.828766913253443249e+01,1.128366644375087844e+03
6.170323290042754252e+02,1.858534048053907028e+01,1.129680724556769746e+03
6.368673426440217327e+02,1.880711474996126498e+01,1.127723223127844676e+03
6.334861791462905103e+02,1.877044331881105776e+01,1.128664731264924285e+03
6.400343862648173854e+02,1.884378909237364397e+01,1.128454746656341740e+03
6.180155651682623557e+02,1.859448980677316499e+01,1.128307380439806366e+03
6.020493562976406565e+02,1.841196202147617456e+01,1.128492574627089652e+03
6.059333161265321905e+02,1.845414613966886108e+01,1.126786952651003048e+03
6.000741675350543574e+02,1.838652294307197721e+01,1.126628543519188270e+03
5.889800039483228602e+02,1.826038042948436058e+01,1.128104671192300430e+03
5.796902086761779174e+02,1.815576668884275335e+01,1.130525389895623448e+03
5.511449508751613848e+02,1.781701270141826399e+01,1.129306481740877871e+03
5.069612078122037815e+02,1.727779530121581075e+01,1.126848289939288406e+03
4.914300780711712378e+02,1.709089676300014560e+01,1.130428323285477518e+03
4.845859379133056564e+02,1.699893953915332290e+01,1.126426839942192146e+03
4.724435535992292330e+02,1.684913727796915239e+01,1.128451176199986776e+03
4.609195516089536682e+02,1.670240574193675798e+01,1.128403425574567109e+03
4.492044601603524256e+02,1.655070506747098591e+01,1.127605571142416693e+03
4.418131127704719461e+02,1.645406570404452040e+01,1.127002530138680868e+03
4.337359159960998340e+02,1.635255783238630301e+01,1.129364494829364730e+03
4.391770609210557268e+02,1.641770571587899141e+01,1.125776859108066674e+03
4.467999178259794348e+02,1.651777517556373098e+01,1.126456182069983470e+03
4.524771368057284349e+02,1.659331747157544257e+01,1.127823093046415124e+03
4.651883210354748712e+02,1.675612707403715618e+01,1.127861811667476786e+03
4.447978794463656982e+02,1.649496879743336208e+01,1.128386996428297607e+03
3.907502341891701576e+02,1.577869449212177422e+01,1.128918281178325060e+03
3.841702727982033707e+02,1.568725039732198212e+01,1.127953048855433508e+03
3.782915551837100452e+02,1.560652906684483909e+01,1.127932612512480091e+03
3.709306631860358721e+02,1.550259029529603794e+01,1.126599369723884593e+03
3.934566848108018462e+02,1.580944861376798372e+01,1.125347619369289077e+03
4.063397893370454881e+02,1.598652604955566581e+01,1.127316679992943136e+03
4.098850549432091839e+02,1.603253704804510704e+01,1.126474181281336541e+03
4.021229161637906486e+02,1.592718037195597169e+01,1.125685581709169128e+03
4.036158679573352970e+02,1.595095866458293976e+01,1.127910701027591358e+03
3.980180068152980652e+02,1.587030049834157808e+01,1.124745903725910239e+03
3.928383501334386665e+02,1.580394349080332006e+01,1.127071089512056687e+03
3.603773322080480739e+02,1.535528856803990649e+01,1.126445938421020855e+03
3.204456513622188822e+02,1.478648673809943404e+01,1.127762217186396583e+03
3.233637232167777142e+02,1.482883360398439088e+01,1.127651459278909215e+03
3.274742979602760329e+02,1.488346730616626346e+01,1.124732212660705500e+03
3.276366873421001742e+02,1.488559583779640683e+01,1.124625778501588911e+03
3.437473780467008737e+02,1.511870830902823926e+01,1.125478355265627897e+03
3.466450552117116786e+02,1.516240180340041732e+01,1.126921907949813431e+03
3.208226706719893855e+02,1.478783677248373962e+01,1.125390051342068773e+03
2.936977934084691242e+02,1.438390937218648347e+01,1.124446666674536573e+03
2.814513391996900395e+02,1.419744436276641331e+01,1.124039240083195637e+03
2.965684763250886249e+02,1.442757759760648817e+01,1.124708539975390750e+03
3.129103443226682657e+02,1.467399530649089279e+01,1.126670589156854930e+03
3.183644630747702990e+02,1.475269516221105803e+01,1.125879724208647531e+03
3.035977178364084352e+02,1.453315284499694471e+01,1.125002483019272404e+03
2.678650548106903102e+02,1.399082544699641950e+01,1.125500287195678084e+03
2.523910665543527614e+02,1.374509756164168728e+01,1.123861888266141250e+03
2.616333734923597376e+02,1.389329698969184257e+01,1.125317532756029095e+03
2.711582341160203669e+02,1.404068646327386105e+01,1.124875935283241688e+03
2.739000125936248082e+02,1.408398841022454029e+01,1.125408269447809516e+03
2.773501653293155300e+02,1.413538128999732635e+01,1.124487310279655730e+03
2.727968321268800196e+02,1.406332509914030382e+01,1.123423320227131626e+03
2.451374525788541519e+02,1.363166730706715590e+01,1.124978753237051251e+03
2.244947994646746565e+02,1.329181390951370823e+01,1.122264064879497028e+03
2.271647018875012236e+02,1.334054033886570956e+01,1.124834033458754220e+03
2.362523143376652968e+02,1.349085612769224696e+01,1.126097169313468157e+03
2.383680193970066341e+02,1.352034954301313618e+01,1.123625861287757971e+03
2.452491298311868491e+02,1.363237512112354111e+01,1.124433476816985149e+03
2.271541764528451210e+02,1.333871931218806850e+01,1.124004845590831565e+03
2.023662724895165468e+02,1.292494078441693084e+01,1.123761681109755955e+03
1.930327147506548044e+02,1.276483141490571427e+01,1.123492536835628016e+03
1.874088668107206672e+02,1.266717134029080682e+01,1.123292535097477412e+03
1.839270751672768540e+02,1.260704699419786756e+01,1.123553799954320993e+03
1.830569815074535143e+02,1.259149542011054557e+01,1.123389605900645620e+03
1.832253827490263234e+02,1.259578954341061952e+01,1.124067064069254229e+03
1.859313375447563885e+02,1.264450992819597097e+01,1.124840106211912826e+03
2.060526402719220300e+02,1.298679633871090289e+01,1.123541322686949570e+03
2.033168425692006167e+02,1.294048936024317520e+01,1.123540754867461828e+03
1.804889415859738051e+02,1.254132212579243344e+01,1.120857420768921884e+03
1.678010874335379867e+02,1.231910126471982636e+01,1.122284702257902836e+03
1.594530953880544644e+02,1.216925392389902782e+01,1.122697828854197951e+03
1.528501979580075840e+02,1.204972073189599513e+01,1.123267303895438545e+03
1.613670567509252862e+02,1.220391581219596944e+01,1.122679864491356284e+03
1.786183417068182564e+02,1.251216021742551554e+01,1.122754466127216119e+03
1.799650606659374716e+02,1.253782552168769726e+01,1.123740872595687961e+03
1.762401233038603721e+02,1.246949457015343832e+01,1.122423128997938875e+03
1.549389149078327534e+02,1.208640753035189697e+01,1.122516692056555485e+03
1.351498347256810462e+02,1.171736356718522032e+01,1.122483828469239370e+03
1.299953812218716962e+02,1.161906680755495458e+01,1.122499036039020666e+03
1.236836759587585703e+02,1.149645899072211286e+01,1.122092347428985022e+03
1.209121541256780006e+02,1.144817428493570333e+01,1.124683914751558177e+03
1.192850319556260530e+02,1.141254225335851125e+01,1.122928065670419528e+03
1.244893965127186277e+02,1.151279090885977041e+01,1.122438698280171366e+03
1.177109232275653454e+02,1.138077527000065281e+01,1.122517770681863340e+03
1.194034572363673306e+02,1.141414179515999372e+01,1.122613067513991155e+03
1.221672710594521760e+02,1.146881849341527548e+01,1.122957873586485448e+03
1.214851702561136193e+02,1.145460813176661574e+01,1.122543822433874084e+03
