# Resampled Flux, Resampled Flux Uncertainty, Resampled Sky Flux, Sensitivity Curve
5.482390912885464340e-37,5.158776729833083468e-35,3.029621260920082352e-33,1.327927343703632214e-35
1.939138500333692753e-35,1.657036820028507557e-33,9.731342884285609488e-32,4.264839035781636670e-34
1.581149240540466832e-34,3.779463577999614702e-32,2.220946267158099239e-30,9.730237285973812486e-33
3.858152133263756447e-33,6.516986648062293823e-31,3.829057413549253428e-29,1.677713815920098352e-31
7.570868143145883892e-33,7.215752686097003051e-30,4.241101649882627986e-28,1.858049688085347041e-30
7.598719881526417453e-34,3.350980826924677328e-29,1.969704672167761213e-27,8.629179372868610361e-30
7.011853500967061810e-30,6.093544576581512325e-28,3.578057779103558140e-26,1.568620214595321202e-28
6.307292161528951469e-29,7.770277716383822827e-27,4.565164013730779448e-25,1.999921485791396709e-27
7.086022707832336373e-28,7.926573171785250799e-26,4.656348211759977984e-24,2.040237892687664121e-26
1.740217685736851323e-27,6.041776184195356745e-25,3.551316216744863294e-23,1.555309032185718611e-25
9.474926665410840082e-27,2.605852975443036592e-24,1.531632318379821792e-22,6.707825483034954180e-25
1.666469445636714940e-25,2.011593658677506453e-23,1.181868206738620777e-21,5.177271410379917755e-24
7.741624566933454037e-25,1.591946233331776593e-22,9.353362509251147168e-21,4.098905748652157420e-23
1.073342286682345901e-23,1.021115981737320096e-21,5.998014087958662002e-20,2.627947770034674493e-22
2.855231342571855265e-23,5.371648705075186645e-21,3.156648407999051028e-19,1.382730183686165428e-21
1.118795224465107560e-22,2.186777508708406659e-20,1.285032745600172305e-18,5.629297967562250803e-21
4.515310531445063413e-22,7.555735370548686176e-20,4.439601377749879517e-18,1.945017233707903587e-20
5.356478851187462935e-22,4.175606862874237955e-19,2.454135588519968340e-17,1.075236407427032167e-19
5.158618521139243265e-21,1.773334000361208158e-18,1.042286643315378203e-16,4.565350022274923379e-19
2.804496522447598739e-20,6.543449730670275613e-18,3.844981450705793603e-16,1.684706729285659286e-18
1.314994940487218070e-19,2.080762258642088229e-17,1.222362695880985773e-15,5.357289300984370965e-18
5.236642775318099650e-19,5.596981252048040392e-17,3.287423430471684246e-15,1.440761435505066991e-17
2.414424757987681862e-18,1.669339687976637728e-16,9.803397196883098959e-15,4.295157667397404536e-17
2.211602038803506355e-18,5.280045523852364855e-16,3.102796571170176542e-14,1.359343246785088665e-16
1.197988770393035087e-18,1.406555648890111081e-15,8.268399107115512919e-14,3.621381055040580578e-16
2.086729666404394192e-17,3.392927324859896116e-15,1.993970942400904544e-13,8.732391335187971198e-16
4.239270592979187047e-17,7.437669425714365740e-15,4.370538456128378391e-13,1.914548106223980276e-15
5.828612081938936863e-17,1.491045333430581910e-14,8.761798506175380102e-13,3.838934755043968913e-15
2.763195600877955366e-16,3.274784799042689070e-14,1.924279445653110185e-12,8.427133544053082415e-15
8.241445957859450563e-16,6.822459012516029782e-14,4.006805000005231988e-12,1.755811057127622937e-14
1.392702690712559161e-15,1.268611557959843086e-13,7.450002195346119123e-12,3.265544822424044180e-14
1.488792548440969868e-15,2.211461521867707159e-13,1.299433414278942096e-11,5.692195851619165050e-14
1.294500479182885198e-15,3.639607309943311289e-13,2.139329583611037509e-11,9.368556113792329247e-14
1.574115987805386358e-15,5.699718352493627165e-13,3.350156483568645785e-11,1.467325003791773926e-13
5.557791247870890157e-15,9.137455878729759567e-13,5.369142087817151179e-11,2.352091155641218080e-13
6.042541682032418340e-15,1.407292661317738656e-12,8.271166860911357054e-11,3.622473613913600652e-13
8.037811903397744615e-15,1.996247320726653055e-12,1.172981461042107475e-10,5.139889239587674202e-13
1.839404701132857718e-14,2.719828282108796190e-12,1.597931293460277076e-10,7.001604572382702788e-13
3.108860103785566401e-14,3.575636665814179895e-12,2.100550368010739653e-10,9.203313366399526319e-13
4.485332637890131568e-14,4.555070173854740974e-12,2.675593370337010732e-10,1.172409816898796392e-12
8.222579742459997689e-14,5.707944250023837625e-12,3.351781837056101534e-10,1.468784460760970780e-12
8.408198385996766234e-14,7.085999286232110129e-12,4.161742129730032980e-10,1.823615988490499876e-12
2.888853398036243361e-14,8.277846456834118040e-12,4.865014633940683767e-10,2.131055704839157995e-12
9.915465356881490906e-14,9.440628510671913763e-12,5.545307870316897211e-10,2.429688700596967096e-12
9.502583723377366448e-14,1.053046976417719990e-11,6.186538222747299202e-10,2.710194741488855245e-12
1.518275398200014511e-14,1.151427258072254962e-11,6.769123726192900568e-10,2.964147441989030204e-12
5.754361684447872211e-14,1.237101509240697102e-11,7.270852523268284102e-10,3.184279467257616062e-12
6.941194413098196738e-14,1.314348349207652461e-11,7.725529285527352370e-10,3.382552967281121767e-12
7.820190712201874676e-14,1.362929307421169903e-11,8.008529629265935790e-10,3.508476382784708966e-12
8.175923971535771265e-14,1.391649900657493451e-11,8.176915186894787766e-10,3.582503321429754012e-12
8.645440097805407563e-14,1.405986880822691670e-11,8.261419200311754807e-10,3.619180424205918503e-12
7.014199135311968084e-14,1.407479255685435329e-11,8.271715376636852112e-10,3.622883468624068003e-12
6.714648925236336018e-14,1.398283022140796923e-11,8.218862181413231543e-10,3.598788397881662084e-12
2.052396598728910595e-13,1.381231944160967596e-11,8.113810628019664927e-10,3.552684089145852837e-12
9.448563831874786263e-15,1.350633344749288527e-11,7.938624132157632412e-10,3.477915437264562485e-12
1.120285587783096171e-13,1.323635210671282133e-11,7.778824847115260472e-10,3.405704030031347704e-12
7.891911526262566164e-14,1.296397279451219356e-11,7.619519418455649526e-10,3.336257436985798498e-12
9.922039151167109094e-14,1.271919778059450571e-11,7.474098187775263487e-10,3.273265476105309248e-12
1.117688051182712591e-13,1.251858620836755117e-11,7.355504045805237384e-10,3.221508585539395817e-12
6.933457850966769758e-14,1.237597088423571218e-11,7.272874917182559273e-10,3.185590997283249407e-12
1.081607323991102381e-13,1.231257912450431760e-11,7.231670653898224614e-10,3.169797102182560097e-12
5.958497305054456903e-14,1.235983115503164042e-11,7.264144610809399706e-10,3.181440559867125453e-12
1.584685460670632259e-14,1.249425309959614984e-11,7.344862662381487795e-10,3.216646547675850336e-12
1.540345416010810714e-13,1.270128370130282551e-11,7.459904850327401344e-10,3.268534092898953276e-12
1.006515331130911505e-13,1.296024629275260185e-11,7.614109790398541181e-10,3.336023337108531589e-12
4.237247036054286603e-14,1.327529293004194305e-11,7.802313626132751711e-10,3.417655792607122751e-12
8.908018391458606886e-14,1.364428692403734721e-11,8.017573921711184131e-10,3.511920581617149826e-12
1.125320638572800505e-13,1.405247210243243263e-11,8.255394761080836657e-10,3.617205298505759823e-12
3.161640840887058660e-13,1.454344500787594258e-11,8.537436458376176616e-10,3.740142347474763395e-12
1.373505668118777732e-13,1.506411680350694450e-11,8.851944659006762895e-10,3.876172158808052676e-12
1.194911186193007107e-13,1.555125748156696131e-11,9.138051874170660316e-10,4.002254070429289696e-12
7.791935878438369641e-14,1.603714309256716407e-11,9.424817165058100562e-10,4.128127760173224969e-12
8.452038712311367394e-14,1.651260397753887702e-11,9.703924722018861735e-10,4.250519853676916638e-12
1.103891732958540035e-13,1.696185756873338550e-11,9.967016801453159045e-10,4.365839243781633269e-12
1.201548578410486113e-13,1.736707512233282191e-11,1.020445174614641616e-09,4.470204566110871863e-12
1.811982947693037605e-13,1.771446127149400826e-11,1.040474106043932964e-09,4.559486028361797436e-12
1.347861872018494474e-13,1.800220648771291367e-11,1.057870504852242241e-09,4.632927115690300398e-12
2.578117184102036269e-13,1.815526267192704811e-11,1.066078640590759618e-09,4.671936861905700405e-12
6.850507232225051946e-14,1.816358645669761935e-11,1.067531384852695677e-09,4.675790943159940475e-12
6.735705888972391822e-14,1.804583962507253336e-11,1.060553526770647630e-09,4.645754256731395997e-12
5.750371104134301553e-14,1.778650629246749967e-11,1.045322826247935684e-09,4.579182804256351024e-12
6.827393282744446551e-14,1.737978905214978593e-11,1.021370046598001123e-09,4.474300262565438326e-12
1.445939652254807104e-13,1.682432799694333229e-11,9.883916289024340615e-10,4.330357355041281953e-12
7.012227855019212576e-14,1.611521209998858139e-11,9.472305899286990861e-10,4.147775978173755111e-12
6.292490903012027894e-14,1.520283018271624070e-11,8.934116172595232289e-10,3.913903502221574193e-12
5.641571522148952644e-14,1.411964058286588717e-11,8.300377979210854114e-10,3.633845010446576898e-12
4.264046349303977653e-14,1.311270050399199821e-11,7.707784254654713992e-10,3.375324109144399423e-12
1.487721438837479844e-14,1.217795438769240263e-11,7.159389153396053454e-10,3.134998947038793644e-12
4.631455701624697560e-14,1.137028387390349628e-11,6.683186520457126852e-10,2.926654268775671776e-12
6.361889892854484096e-14,1.072693065444517025e-11,6.303821817392841784e-10,2.760977109214372130e-12
4.229869238917927917e-14,1.027489581210677960e-11,6.038271857716549192e-10,2.645175306946037508e-12
5.076040692330836802e-14,1.002495111432328484e-11,5.890560178329500430e-10,2.580882780697474446e-12
7.748383933352496163e-14,9.954577087401206557e-12,5.849813390265205572e-10,2.561659718495863551e-12
2.528923216717402546e-14,1.004716168106363853e-11,5.906632353255055413e-10,2.586086044699433987e-12
1.013641373070746747e-13,1.029398738388867399e-11,6.047763196015807028e-10,2.648998899614635912e-12
1.107901200078256179e-13,1.064153523771022463e-11,6.252622204184196288e-10,2.737947154886440254e-12
7.266421130010869757e-14,1.107610263343742837e-11,6.508997998599605293e-10,2.850655338870744123e-12
1.280932591469954955e-13,1.159362742948888934e-11,6.810677455049090722e-10,2.983287485263527451e-12
1.815936581895059444e-13,1.216931024613720802e-11,7.145683711708617721e-10,3.131337139176455821e-12
1.383728482550591903e-13,1.277898250543985714e-11,7.504840026546706476e-10,3.289357307246273911e-12
5.808620681796402556e-14,1.340468582128553407e-11,7.877781816514495513e-10,3.450742287893529969e-12
4.552692080312076696e-14,1.401453642368620710e-11,8.237614450567653547e-10,3.607582366426145340e-12
5.608556856914742300e-14,1.458460494261120302e-11,8.570571639346876565e-10,3.754963088053144876e-12
5.154686631964597938e-14,1.505601694866313775e-11,8.848866754252780650e-10,3.875947028330803647e-12
2.267460021059565590e-14,1.531565821876643675e-11,9.003820505489433991e-10,3.942745497090025219e-12
6.429774171081392056e-14,1.537628542352201877e-11,9.037750454312978733e-10,3.957776727095117076e-12
6.499468587190235365e-14,1.520723242226990917e-11,8.937784866207013454e-10,3.914499343720209135e-12
5.520031347535083365e-14,1.482776707295858920e-11,8.715488932282438481e-10,3.816757799628526766e-12
7.058381971304359819e-14,1.427386920062525523e-11,8.388929946684939161e-10,3.674049386854967679e-12
6.631392612477797615e-14,1.358703890576139860e-11,7.984280758021774334e-10,3.497716236298156262e-12
8.698558243170767448e-15,1.281355346865266112e-11,7.532707193827226999e-10,3.298977564709383211e-12
4.655178552797438178e-14,1.199693611569573692e-11,7.050982939544575915e-10,3.088251201114242354e-12
7.753130997759965997e-14,1.114591835077715970e-11,6.550148497560865548e-10,2.868399996413954522e-12
1.551591976455096611e-14,1.027097999676798959e-11,6.039169225908430534e-10,2.643597924444279403e-12
5.189508909306315705e-14,9.521663173804406811e-12,5.597402417081407930e-10,2.450087119616371794e-12
5.059550735089690617e-14,8.822552998374477328e-12,5.185314277122905972e-10,2.270605233623059230e-12
4.577531248540905501e-14,8.173884630140415514e-12,4.803422288157704177e-10,2.103978796180835018e-12
2.309535730843229864e-14,7.570252059194612887e-12,4.449394277889573485e-10,1.948885395230725751e-12
3.369040106777874907e-14,7.008197240662794125e-12,4.118259635657136196e-10,1.804140251780855607e-12
5.873357912384144210e-14,6.483185076898900481e-12,3.808390501926173883e-10,1.668726388880908597e-12
3.610458136512124161e-14,5.989445498234112288e-12,3.519369092084190324e-10,1.541773830992868799e-12
9.988525670556456775e-15,5.524876250123299629e-12,3.247192054423153591e-10,1.422541312374439259e-12
1.375456991903042584e-14,5.090644785113998071e-12,2.992472641987921787e-10,1.310400112103783127e-12
1.809882752475299694e-14,4.666095381681854154e-12,2.741884892778450165e-10,1.201393262664406043e-12
2.074040945904124746e-14,4.257313807144214693e-12,2.501944355003856428e-10,1.095908625162791342e-12
6.441037648109934893e-15,3.898451606429184902e-12,2.291907077130420311e-10,1.003532361929364948e-12
3.727734265184504184e-14,3.561561125650331847e-12,2.092355895609552976e-10,9.164764028528216238e-13
1.984276300865988946e-14,3.242078132766811940e-12,1.905098336211759052e-10,8.345100527020273490e-13
8.563239366043874396e-15,2.942263543958692915e-12,1.729373668994985747e-10,7.574394672639243367e-13
1.882237442841473569e-14,2.661972917066404811e-12,1.564266304145343805e-10,6.851003512204526680e-13
2.215137268776319079e-14,2.398884965790279321e-12,1.409383928530711678e-10,6.173511478373102849e-13
1.179974317081336425e-14,2.152280060002802143e-12,1.264665097774054311e-10,5.540667284963228213e-13
8.149539192542711334e-15,1.923177311073684103e-12,1.130126813739177895e-10,4.951326016740009263e-13
9.727530323448571378e-15,1.711095588711660186e-12,1.005526014071989919e-10,4.404425539678674577e-13
2.405395827634369242e-14,1.515524569120340635e-12,8.899186543808139723e-11,3.899152160510410642e-13
1.178160436159971169e-14,1.330809502207778149e-12,7.818016356022044411e-11,3.425314618396454113e-13
1.134233650936641006e-14,1.159255755621233101e-12,6.811272174778679466e-11,2.982952746332908011e-13
6.215263151055963063e-15,1.015499059608723585e-12,5.968231098000127104e-11,2.613460819608107819e-13
7.745454244905930399e-15,8.876580283573399574e-13,5.216766134731070805e-11,2.283800176489514108e-13
5.180924356165689296e-15,7.739464873223610863e-13,4.548765855127055915e-11,1.991615693777781119e-13
3.284695955831131077e-15,6.738148027760067031e-13,3.960594616234006161e-11,1.734189421215896010e-13
9.332129174785683803e-14,5.914607832219681192e-13,3.443850537907751594e-11,1.508601770614344300e-13
8.838954931626376705e-14,5.147132414455771906e-13,2.994149152250873511e-11,1.311862602490360280e-13
5.736923653771165610e-15,4.435022201954466205e-13,2.605273009581499506e-11,1.141013929505555958e-13
3.876181559015217129e-15,3.860241467965393398e-13,2.268243848189445585e-11,9.932068549655761879e-14
5.445549961952412906e-15,3.365995139345046264e-13,1.977002553507118989e-11,8.657559367558984477e-14
6.457895305898237590e-15,2.940572614156278072e-13,1.726292240438475911e-11,7.561744431245133631e-14
6.094538924619575007e-15,2.575086223172891846e-13,1.511392851253876839e-11,6.621939927566738827e-14
3.529891854018810384e-15,2.260988959588723141e-13,1.327553860247609387e-11,5.817719032723472436e-14
3.747848256418124174e-16,1.980383729227345364e-13,1.164454876521796018e-11,5.096896049660862122e-14
1.719297151035787358e-16,1.753286887230290920e-13,1.030932634871199736e-11,4.512835333755822537e-14
3.710673089177542043e-16,1.564668126332179490e-13,9.200478333030066058e-12,4.026603253681721090e-14
3.155437318686597911e-16,1.403301676556134078e-13,8.248473314362370679e-12,3.612734247394207698e-14
1.646552776088499856e-15,1.267724805978689022e-13,7.447077415587619587e-12,3.261421994623559844e-14
1.351205040606068448e-15,1.152109071267109183e-13,6.768282714366688820e-12,2.964280327137133904e-14
8.904178974890144857e-16,1.054824396439929030e-13,6.198761680778673552e-12,2.714195710707897537e-14
1.080108435644686910e-15,9.737950442546605665e-14,5.722006525612873569e-12,2.505151076091026714e-14
9.968586709087240145e-16,9.061474877244544997e-14,5.323819692649903759e-12,2.331439189550823728e-14
5.580132994789038940e-16,8.499005897892126561e-14,4.994541309695254495e-12,2.187359854395941728e-14
7.821260953131682771e-16,8.036336207978622340e-14,4.722021725092510027e-12,2.067756954462095997e-14
1.338877832311349999e-15,7.653482804116939321e-14,4.494612054059757555e-12,1.968477912366115919e-14
6.682096410172668348e-16,7.329187313232680335e-14,4.306058080324680379e-12,1.886166571923150537e-14
9.164533504806802839e-16,7.066839956304652517e-14,4.151303988583348282e-12,1.818080814128197237e-14
1.239728782383663876e-15,6.850491980914931224e-14,4.022745963231263296e-12,1.761952578757048841e-14
9.285002175182364534e-16,6.667128649510265067e-14,3.915368063263388144e-12,1.715548381205423813e-14
1.431074775337181366e-15,6.520034281121903211e-14,3.828442285522731274e-12,1.676313001940933004e-14
1.301650129368679682e-15,6.403020806303222665e-14,3.760198984938705404e-12,1.646318285839180104e-14
7.854708165942138083e-16,6.302684955509882916e-14,3.702538871232795177e-12,1.621518775295827210e-14
7.704776520020573663e-16,6.221442334169395210e-14,3.654776605244209932e-12,1.600666518580906473e-14
1.400270303757206557e-15,6.154880279328322298e-14,3.613282088275027967e-12,1.582596578102588308e-14
8.586919656963420138e-16,6.088141152271399697e-14,3.576058859509949043e-12,1.566205898829215689e-14
2.191715883495199009e-16,6.025257734315295897e-14,3.542710524284558904e-12,1.550439644889625965e-14
6.413784241617366498e-16,5.963493504958836012e-14,3.503951030215610057e-12,1.534284420550996927e-14
1.110355405857947174e-15,5.896828933349615944e-14,3.462200717179715687e-12,1.516767932187609869e-14
1.177348778497080854e-15,5.821317304599647439e-14,3.418182654727102735e-12,1.496964687682981608e-14
9.412653592016448148e-16,5.731999921158261345e-14,3.367289292825182671e-12,1.474007272335644698e-14
8.151690876632512713e-16,5.627152799909350955e-14,3.306347777217292236e-12,1.447102593302369155e-14
1.359071328801933840e-15,5.506244261097616936e-14,3.232346743993867216e-12,1.415552259260323117e-14
1.333802175050463533e-15,5.362762369602814493e-14,3.147789114572525008e-12,1.378775975646730246e-14
1.457144918367144454e-15,5.198593317184721530e-14,3.050764554285128807e-12,1.336336513654074330e-14
1.123854232578070938e-15,5.009411046882050555e-14,2.941147572541020702e-12,1.287965179678357331e-14
1.303691346799366524e-15,4.799173363867464059e-14,2.816713585357172540e-12,1.233655097161267336e-14
9.791018852560923828e-16,4.567227179878780852e-14,2.681854853732152389e-12,1.174280947106171024e-14
9.525029734442117303e-16,4.319821614421334158e-14,2.535845152046384222e-12,1.110908008290450484e-14
1.101965171773613248e-15,4.070455140474126908e-14,2.389257114553005946e-12,1.046223610858782863e-14
9.037444346850279159e-16,3.833405400004184260e-14,2.251499319420309989e-12,9.851058891684936468e-15
1.023834968048679390e-15,3.607079990600111334e-14,2.117503056332030388e-12,9.268702785999630742e-15
7.293476676981220561e-16,3.393382345523925266e-14,1.992277514451413826e-12,8.725942236515406868e-15
6.241363349582228043e-16,3.200585130101498608e-14,1.879403261528399342e-12,8.230859557130442607e-15
6.536186990649730261e-16,3.029210358991265521e-14,1.778478105802745531e-12,7.789372163981196595e-15
6.854084079071414862e-16,2.880315970683833550e-14,1.690793954539101677e-12,7.405646225766743450e-15
7.924390706423620240e-16,2.754243288854538548e-14,1.616456386514926942e-12,7.078700548355357076e-15
6.231592914924819212e-16,2.645841855198294149e-14,1.553369183108777028e-12,6.802083435977396744e-15
7.110305834152570633e-16,2.555246179904177771e-14,1.499587671874885540e-12,6.568359382187724496e-15
8.841789340878055207e-16,2.479728628795380225e-14,1.454585497254848254e-12,6.371155343002874001e-15
6.444526509620108113e-16,2.413984722172382289e-14,1.416919221969920631e-12,6.205045427616487694e-15
4.584680480314873332e-16,2.358621525549357229e-14,1.385050450154461336e-12,6.065350155550861384e-15
5.042926920325163580e-16,2.313512906487893379e-14,1.358495967065563825e-12,5.947976279762268036e-15
5.059398205482595382e-16,2.275411617440001660e-14,1.336222978330187783e-12,5.849288600268949002e-15
6.661016552834518383e-16,2.243839285732088245e-14,1.316963168579833121e-12,5.766007369410795521e-15
7.929540346985414003e-16,2.216686891702106619e-14,1.300315031240327092e-12,5.695126539338917742e-15
9.116392685367753270e-16,2.193738726197302256e-14,1.286480819085677057e-12,5.633849356713303282e-15
5.009841417193367906e-16,2.170307456973002835e-14,1.274259061557695808e-12,5.579538762744565583e-15
7.110038889310329344e-16,2.152560399995920980e-14,1.263270077708712141e-12,5.529680774785116077e-15
7.214431986243813560e-16,2.133471356431925571e-14,1.251668071659008980e-12,5.481859554529287861e-15
5.821656747550795357e-16,2.114477053408357293e-14,1.241329681562881410e-12,5.433743238709748595e-15
7.394021314752072212e-16,2.095258320605851208e-14,1.229167395489723611e-12,5.383079841799820005e-15
9.297396261103819393e-16,2.074730834111572245e-14,1.216355108766429716e-12,5.327590078871630956e-15
3.364874964038129652e-16,2.046699197312337538e-14,1.202401455462931628e-12,5.262877176340691743e-15
4.923105144688174651e-16,2.020016616624521313e-14,1.186016045667449056e-12,5.192374269039318506e-15
6.525875639931612117e-16,1.990848946086209036e-14,1.168108345818222759e-12,5.115552263011801966e-15
7.768352158777155264e-16,1.960260339549983691e-14,1.149891424726254386e-12,5.034005753157843242e-15
4.877319913568504953e-16,1.925641248549884369e-14,1.130573296244912822e-12,4.949262448006734501e-15
5.141621891842358386e-16,1.891765994006873013e-14,1.110326622139681786e-12,4.862771624534322425e-15
4.640706260538987942e-16,1.858054077951382999e-14,1.090884346797931523e-12,4.775897329550517951e-15
5.399225716326291287e-16,1.824718571385863559e-14,1.070776561597182083e-12,4.689915456509655265e-15
5.264376885323752195e-16,1.792270685273223974e-14,1.051869938647561643e-12,4.606014329593371475e-15
4.493724981781557029e-16,1.760492038264385120e-14,1.033483253205994749e-12,4.525298416989751632e-15
4.772656293671433998e-16,1.730565902034886884e-14,1.015567907874903100e-12,4.448794809009431482e-15
5.929141419041336668e-16,1.703873904537503219e-14,9.996581223495819818e-13,4.377462130566688832e-15
7.052397860028068229e-16,1.679155579433960846e-14,9.846950039890526306e-13,4.312201608420014796e-15
5.087337075867893017e-16,1.655553393197044706e-14,9.716555941312640260e-13,4.253870078741145058e-15
5.374687667913616733e-16,1.636127256715092041e-14,9.601926816332399913e-13,4.203138343147864444e-15
6.975442916203687229e-16,1.620278225835051449e-14,9.503466718618809094e-13,4.159656382261900963e-15
6.992553021475648581e-16,1.605719269925608880e-14,9.417991457741271109e-13,4.122088811354205282e-15
7.798654580001037141e-16,1.593134174873276549e-14,9.340167246487376521e-13,4.088883703329256910e-15
8.083720459175619700e-16,1.581570192773109547e-14,9.271381440930050664e-13,4.058550979185497438e-15
7.472568545480900970e-16,1.569778532013890882e-14,9.202984260855216043e-13,4.029650355391937109e-15
6.621543224720779056e-16,1.558412307816502506e-14,9.141270236922290294e-13,4.000783884812578078e-15
6.096873341263672534e-16,1.546936031101171976e-14,9.079035198364092527e-13,3.970593423445424819e-15
8.043908086537434820e-16,1.534410879055962206e-14,8.993044214794087914e-13,3.937762777348474223e-15
7.074399939261281015e-16,1.519290325694292480e-14,8.905961778903136301e-13,3.901024285820109707e-15
5.347632348633278223e-16,1.502517709892006269e-14,8.816498009345493731e-13,3.859169556099345547e-15
7.853547641487674736e-16,1.485446773165591033e-14,8.707968133442242117e-13,3.811064010118499642e-15
7.428943097325291577e-16,1.463599759852295816e-14,8.580223641421294774e-13,3.755803379647024379e-15
5.452835658342066088e-16,1.437965042111169512e-14,8.435388987912665067e-13,3.693414133423953180e-15
5.855366651248224017e-16,1.411976233581933941e-14,8.282050704087237575e-13,3.625480104443329925e-15
7.315546213990871985e-16,1.384736001219223760e-14,8.115013212604674909e-13,3.553827812654281870e-15
5.882424510874486254e-16,1.355804031506204831e-14,7.953051522600216157e-13,3.480179950935279889e-15
6.782169694105416918e-16,1.327467269000241817e-14,7.782512639603981380e-13,3.406141940041770787e-15
6.588364353405661660e-16,1.298710710994478314e-14,7.612431940995274513e-13,3.333196167606585863e-15
7.508836977504024083e-16,1.272100893426161574e-14,7.453915416971428993e-13,3.262703062086264727e-15
7.553698080513415138e-16,1.246193152493558306e-14,7.301470476732617902e-13,3.195908116865449993e-15
6.915203510471284234e-16,1.221766769108056985e-14,7.160367728338302651e-13,3.133951870158710957e-15
7.113639129406821287e-16,1.199992388950898816e-14,7.031153550707857602e-13,3.077821345211147832e-15
8.026895699525489436e-16,1.180793987763570257e-14,6.913496288735412676e-13,3.027613487857285821e-15
4.015108466812104375e-16,1.161113041970998843e-14,6.814779745404164347e-13,2.982003852579552714e-15
6.847385017855311760e-16,1.146884012304225745e-14,6.718353287703237856e-13,2.942096816164268770e-15
7.888038251351246945e-16,1.133674054640457275e-14,6.637054530007346990e-13,2.906459406588973341e-15
6.018741154433001932e-16,1.120216296588206644e-14,6.564808241927993711e-13,2.874606280101936077e-15
6.943498296040299503e-16,1.109783287868494382e-14,6.500675081141386007e-13,2.846098753766210961e-15
6.447922368912543438e-16,1.099730372275323181e-14,6.444447720721891311e-13,2.820523323863627051e-15
4.166844079890602777e-16,1.089589534723754347e-14,6.394073742567676154e-13,2.797487675591069860e-15
5.069483292568554468e-16,1.081611222659731095e-14,6.341463444565405699e-13,2.776617280538787107e-15
5.165380710111074378e-16,1.074498606392507230e-14,6.300694613403280746e-13,2.757552526665015531e-15
5.310338420138947113e-16,1.067670754760710832e-14,6.259544186385077258e-13,2.739946336268734214e-15
6.642299463760014565e-16,1.061966096974636949e-14,6.220654170042166116e-13,2.723462236308686987e-15
7.256239449173596465e-16,1.056366662889183714e-14,6.186289026600252718e-13,2.707772852552151297e-15
6.545453548075754316e-16,1.050242350189044218e-14,6.154044709483723653e-13,2.692558804633663184e-15
7.862986623716484076e-16,1.044886781849340122e-14,6.116095958064228266e-13,2.677507983298498778e-15
7.125581239585375780e-16,1.038679866028380940e-14,6.083051746705046407e-13,2.662315193999968837e-15
6.678043598865839180e-16,1.032440224082524621e-14,6.048501923774504888e-13,2.646682152696995384e-15
6.229819036856424302e-16,1.025967809720651243e-14,6.012965486694854375e-13,2.630317820226220962e-15
7.280331344404644572e-16,1.019758968597616741e-14,5.972211399957963690e-13,2.612939061062695811e-15
8.738581008525066084e-16,1.013452360776294646e-14,5.930363580012271670e-13,2.594271610698185638e-15
8.040528502419707562e-16,1.005242489232712790e-14,5.884985980461029287e-13,2.574053603992272229e-15
8.171657656635480797e-16,9.967856167006364493e-15,5.834649515128141329e-13,2.552146894682330479e-15
8.192073937657317890e-16,9.875380277273234336e-15,5.779495853731229978e-13,2.528622575536656933e-15
7.834002041058187014e-16,9.774575757250308898e-15,5.720495113838909068e-13,2.503630729280040460e-15
7.427259834151660902e-16,9.670203745900951876e-15,5.660729264925924879e-13,2.477325282755995645e-15
8.354686322623462799e-16,9.568973655538875515e-15,5.597847204853085640e-13,2.449857810660449274e-15
7.650569249447973013e-16,9.456026751725682671e-15,5.535118716265302733e-13,2.421376876748313064e-15
8.103274876558492872e-16,9.344003387493307461e-15,5.467249736036811204e-13,2.392027454495869371e-15
8.508140566073031812e-16,9.225026160078600366e-15,5.392998294607164866e-13,2.361950426243083439e-15
7.662836622971293615e-16,9.102347406146956188e-15,5.324843557315732949e-13,2.331282159068838738e-15
7.404391262402542320e-16,8.981658004733161937e-15,5.255927072920432326e-13,2.300154154988830671e-15
8.257635756708317129e-16,8.865419899507490883e-15,5.185041459399635302e-13,2.268692772509727133e-15
7.934948893207472835e-16,8.740024067673480009e-15,5.112186830307268595e-13,2.237019016119902037e-15
7.120622853939117378e-16,8.610522794511936914e-15,5.038231079200937558e-13,2.205248389943577891e-15
7.314147610713307136e-16,8.489200112715614964e-15,4.966720298310342676e-13,2.173490811525373784e-15
8.113916821594300606e-16,8.370424789410216790e-15,4.893644958987173737e-13,2.141850581539283556e-15
8.332374438679560771e-16,8.249057711746680430e-15,4.821152328704210142e-13,2.110426405124798698e-15
7.337354594815639619e-16,8.125918356244935724e-15,4.754554677946926094e-13,2.079311460532887366e-15
7.137484138429362962e-16,8.005398941108345305e-15,4.684379877095099663e-13,2.048593510811938817e-15
7.134668108917172419e-16,7.885933665189851272e-15,4.612915252899311650e-13,2.018355054367720123e-15
7.578438057812047237e-16,7.772987394835966424e-15,4.544772160933734587e-13,1.988673510386762910e-15
8.477227443944564618e-16,7.664903129742719126e-15,4.477660611855368189e-13,1.959619194674317422e-15
8.805411730196355881e-16,7.556616501666312420e-15,4.412828408167444825e-13,1.931235232489615702e-15
9.002985475221525169e-16,7.449911560183657187e-15,4.349213934971193408e-13,1.903531135511081861e-15
8.912511248096088458e-16,7.344477494457414604e-15,4.287596191497005127e-13,1.876504484412371204e-15
8.795906353906015630e-16,7.242534283541962379e-15,4.228734258645891818e-13,1.850152426756416412e-15
8.386440416608377910e-16,7.139945118838647336e-15,4.169643071839300117e-13,1.824471831335166714e-15
8.365599621524435010e-16,7.042343324335834494e-15,4.112175701346165861e-13,1.799459322069089839e-15
8.655735420584449047e-16,6.951185522299224320e-15,4.058556915794196464e-13,1.775111310980759728e-15
8.253127798268836722e-16,6.856067712193897727e-15,4.003610826548963868e-13,1.751424030260806520e-15
8.576493693298135131e-16,6.767330983631077128e-15,3.949568750224559329e-13,1.728393563448592239e-15
8.694736988415760329e-16,6.682057191423950800e-15,3.899589286602505541e-13,1.706015875753902351e-15
7.574423147572692892e-16,6.590907302457402040e-15,3.849941887951060448e-13,1.684286843549734423e-15
7.826587368453858776e-16,6.509779575000598669e-15,3.800934450636903611e-13,1.663202283069658618e-15
8.446062598064354396e-16,6.434022484083557330e-15,3.754182348659897743e-13,1.642757978346391805e-15
7.791398152397196525e-16,6.354430777272746186e-15,3.710461842090689907e-13,1.622949708431680748e-15
7.649816090663208618e-16,6.280066487051349311e-15,3.667821713302126789e-13,1.603773273940401271e-15
8.010693939100432419e-16,6.208516233253180376e-15,3.623454948856776217e-13,1.585224286038639480e-15
7.783572101147759089e-16,6.137849807035102742e-15,3.582884697675679189e-13,1.567294349738257607e-15
8.607096074349405794e-16,6.075693017130540718e-15,3.543598491784916946e-13,1.549967356878982369e-15
9.209295295584203602e-16,6.014088048803517534e-15,3.505167781087870913e-13,1.533223723305211245e-15
7.978034958544613245e-16,5.944901733244845729e-15,3.469441566095173219e-13,1.517044540382584588e-15
7.546455766407392279e-16,5.881092399329064966e-15,3.433145776253197967e-13,1.501411659567093027e-15
7.015671536067929510e-16,5.819501048094333532e-15,3.398962253469177389e-13,1.486307657314848936e-15
6.421085260931743182e-16,5.758897338106824000e-15,3.365203513666662167e-13,1.471715801733345871e-15
6.620925487463091280e-16,5.705009973455643052e-15,3.332632622538272842e-13,1.457620020878552817e-15
7.021828968016333465e-16,5.654909958799237964e-15,3.302020594975092392e-13,1.444004872607922390e-15
7.483725632870771944e-16,5.605319561498615053e-15,3.270452462547473596e-13,1.430855515904381658e-15
7.378479082670294074e-16,5.554008929245581445e-15,3.239859155317535924e-13,1.418157683591821335e-15
7.469889966304125114e-16,5.507772090399329651e-15,3.212857059208186512e-13,1.405897656366552084e-15
7.307724635611661155e-16,5.461870218057087362e-15,3.187049444773581500e-13,1.394062238074059611e-15
7.806556100243228989e-16,5.419759173122867301e-15,3.160094046886217154e-13,1.382638732164337862e-15
8.166269212378520166e-16,5.379894386431358865e-15,3.135864136968105695e-13,1.371614919262684763e-15
7.335718425325551752e-16,5.333007033928818396e-15,3.110919158045317521e-13,1.360979035796756077e-15
7.907032030510994364e-16,5.296488866705303114e-15,3.087409267548768810e-13,1.350719753623870638e-15
8.356764806515963918e-16,5.260888172740217723e-15,3.064916617532048843e-13,1.340826160605664169e-15
7.370248971241698019e-16,5.218536969074057497e-15,3.043836606379991800e-13,1.331287713577118176e-15
6.878433936496380895e-16,5.179462311083974888e-15,3.022354814854124512e-13,1.322093937243680981e-15
7.042875880488676180e-16,5.145828434267186602e-15,3.001899770263907967e-13,1.313234171351962127e-15
6.989072443057102587e-16,5.112496254413542690e-15,2.982586565086280505e-13,1.304697898502551752e-15
7.285717857838368454e-16,5.082554790843849687e-15,2.964056074933684137e-13,1.296474956697209228e-15
7.243356520942117707e-16,5.050178068109542079e-15,2.944362602341617829e-13,1.288555524554862155e-15
8.135254109781088987e-16,5.025259616902651255e-15,2.926213849916979935e-13,1.280930104885345843e-15
8.340329166014701067e-16,4.999013397850100938e-15,2.910669719858534703e-13,1.273589509022770295e-15
7.720121896009985875e-16,4.968131273812329969e-15,2.894837697601446932e-13,1.266524841878948973e-15
7.394312044988326703e-16,4.940294589013484885e-15,2.879945428318975417e-13,1.259727487679719987e-15
7.793793340652058194e-16,4.917218773679794024e-15,2.864938020147264641e-13,1.253189096349090714e-15
7.736346722179502355e-16,4.892279562515312156e-15,2.850375587523229513e-13,1.246901570508271878e-15
7.822627936856541982e-16,4.869641317058086571e-15,2.836961551568508265e-13,1.240857053058655072e-15
8.333444363648073042e-16,4.849514308058980331e-15,2.822964485514530538e-13,1.235047915319454157e-15
7.764682466886267728e-16,4.824596064285986476e-15,2.810412430888448894e-13,1.229466745692630556e-15
7.305807713569584851e-16,4.801179722409935061e-15,2.798355995779343556e-13,1.224103886050968424e-15
7.048398616138490332e-16,4.780259237211735075e-15,2.787380668080679785e-13,1.218934682698761407e-15
7.737742193683962269e-16,4.764328562421134139e-15,2.775247368192995447e-13,1.213914445635353332e-15
7.554741295559428730e-16,4.745015570452525275e-15,2.765083984359979427e-13,1.208994232905393821e-15
8.082218457336468636e-16,4.729511569838448706e-15,2.754255605242470797e-13,1.204125906825095231e-15
8.611139164391722855e-16,4.712556068115353039e-15,2.741679255915896340e-13,1.199262104773999537e-15
7.937975731014173424e-16,4.689859352879534950e-15,2.730948039065145746e-13,1.194356228081152482e-15
7.100944010064645020e-16,4.666057678924998299e-15,2.720267006366942223e-13,1.189362449240543703e-15
7.028872226297965858e-16,4.645493508548467375e-15,2.708272664590060692e-13,1.184235736927235381e-15
6.994584353302691569e-16,4.624802093576805143e-15,2.696314900780104474e-13,1.178931898268140944e-15
6.545673734956485487e-16,4.601315286764694125e-15,2.684518552887606362e-13,1.173407637785274292e-15
6.966207036208817507e-16,4.580265620353528582e-15,2.670002248106022988e-13,1.167620632375449230e-15
7.403458043729972361e-16,4.559477502847694923e-15,2.656368805353552641e-13,1.161529621619580577e-15
7.491815880013456465e-16,4.534553292336908621e-15,2.641113789641376844e-13,1.155094521660601682e-15
7.053835378334281247e-16,4.505762273306766528e-15,2.625904952585988414e-13,1.148284611900760896e-15
7.644713067032852319e-16,4.480689124330489019e-15,2.608658066839006908e-13,1.141104061052688141e-15
8.088832305344357620e-16,4.453818973998919388e-15,2.591098136964548956e-13,1.133591863999798333e-15
7.772811833567351530e-16,4.422156965431140696e-15,2.573908582462758732e-13,1.125791782364831418e-15
7.710904337914534508e-16,4.390794261140291855e-15,2.555851908253590326e-13,1.117746798804490817e-15
7.423362716933015982e-16,4.356592586509359504e-15,2.536485703472636155e-13,1.109499022004485268e-15
7.298486626074383797e-16,4.323057563628401359e-15,2.517133930989192282e-13,1.101089607277854385e-15
7.175853253399992913e-16,4.289597375164179119e-15,2.498167523889181389e-13,1.092558692332155433e-15
7.387257983992190381e-16,4.257394129532258720e-15,2.478491532017536316e-13,1.083945347700551557e-15
7.493269915141354204e-16,4.224158560140224617e-15,2.458416622064664384e-13,1.075287541276320950e-15
7.356026023027907756e-16,4.190614533864243470e-15,2.439731060278899849e-13,1.066622116348711721e-15
7.492474491190807649e-16,4.157819283823396126e-15,2.419941293228388333e-13,1.057984782510498174e-15
7.833870231531467926e-16,4.126590588974781931e-15,2.400405271334183585e-13,1.049410118792492984e-15
7.714994755039904225e-16,4.092290073144447757e-15,2.380270803838830589e-13,1.040931588377151840e-15
7.311191913280041279e-16,4.056623417579561959e-15,2.360228180297488894e-13,1.032581564251499212e-15
7.153807853106244903e-16,4.024708047553039687e-15,2.342499457870248056e-13,1.024391365177985576e-15
6.981628561876177349e-16,3.992548114347466986e-15,2.324176184133653312e-13,1.016391301389412328e-15
6.678669997745129765e-16,3.960183926657449294e-15,2.306033526618865599e-13,1.008610729450661229e-15
7.357608290727210213e-16,3.935074435707322125e-15,2.288938916797770270e-13,1.001078095444111371e-15
7.699869627126787431e-16,3.909056608550970867e-15,2.272519690978003332e-13,9.938150547900325885e-16
7.292864701212909223e-16,3.879171619538801136e-15,2.256206739206426318e-13,9.868219658285206613e-16
6.662244074378430872e-16,3.849148545345297144e-15,2.240750279298168774e-13,9.800817579481373077e-16
6.350419070166654287e-16,3.822298630804355767e-15,2.226223316599306706e-13,9.735756675548395655e-16
6.568295874686580051e-16,3.798568390067578566e-15,2.211145942832013904e-13,9.672854828640656291e-16
6.905650069415883500e-16,3.776511324879792650e-15,2.196752185038104919e-13,9.611935070289690875e-16
6.972601159770597403e-16,3.754456904340530070e-15,2.183861399632687982e-13,9.552825245888310558e-16
6.693744491542747032e-16,3.730664228455708328e-15,2.170984562809246564e-13,9.495357710725376687e-16
6.621230514897304330e-16,3.708485683834247806e-15,2.158184794081623230e-13,9.439369056064946800e-16
6.976453035104045665e-16,3.689757825983375687e-15,2.146165257638658655e-13,9.384699863894158270e-16
6.941831659548975810e-16,3.668461068322609026e-15,2.133589471763075655e-13,9.331194489078046874e-16
6.816642686249022774e-16,3.647205714668839681e-15,2.121450346443120855e-13,9.278700867761067327e-16
7.129885225914342495e-16,3.628933371476357688e-15,2.109546056748405630e-13,9.227070350944695452e-16
6.792752175435984085e-16,3.607510048624554858e-15,2.098349470344338666e-13,9.176157562247101884e-16
6.338488304770237444e-16,3.585146164942878768e-15,2.086756235312595879e-13,9.125820278916449453e-16
6.853644772272530582e-16,3.568424535241653815e-15,2.074880641943343594e-13,9.075919335225779771e-16
6.605435885027914294e-16,3.547872955148944101e-15,2.063785645941204617e-13,9.026318547421488792e-16
6.405633758000849005e-16,3.527399837508347841e-15,2.052399875183064801e-13,8.976884659433670829e-16
6.932302055290535973e-16,3.511287694169469814e-15,2.041026187795000716e-13,8.927487308583806464e-16
7.160135384068581545e-16,3.492683389101681852e-15,2.028839742556210678e-13,8.877999010543223306e-16
7.177982655897459690e-16,3.473387999081682078e-15,2.017371890955385546e-13,8.828295162805516740e-16
6.564966620042782568e-16,3.450567329689409356e-15,2.006280671183540010e-13,8.778254065939080988e-16
5.931410776671339025e-16,3.427495974657183253e-15,1.995146442215859513e-13,8.727756961881363841e-16
6.013559712856307855e-16,3.408446147445041935e-15,1.983836609268157707e-13,8.676688124225398475e-16
6.218699934916648038e-16,3.389931212945820819e-15,1.972442735845668148e-13,8.624958178695578424e-16
6.464373996736430994e-16,3.370759081069997657e-15,1.960136852038283056e-13,8.572562866997478728e-16
6.525300703630791107e-16,3.350375897383942164e-15,1.947844743461411528e-13,8.519561030935092197e-16
6.779178459867621178e-16,3.331166793208488440e-15,1.935700970380897675e-13,8.466019186188885966e-16
6.893345798822990589e-16,3.310882668416874279e-15,1.923382256003495552e-13,8.412002634866599813e-16
6.853446354359319942e-16,3.289319816935921860e-15,1.910758436871344285e-13,8.357575428839745401e-16
6.826554401513911503e-16,3.268169815720475389e-15,1.898604599795440201e-13,8.302800337816634448e-16
6.878030711852569957e-16,3.246765350121899274e-15,1.885640623257909655e-13,8.247738822025499183e-16
6.752552025327431780e-16,3.224532636424313092e-15,1.873009904211264453e-13,8.192451009374323500e-16
6.521312156152168294e-16,3.202226967567782207e-15,1.861077806160624486e-13,8.136995676950528282e-16
6.437386064155868724e-16,3.180013853981114229e-15,1.848238678943726349e-13,8.081430236717888797e-16
6.959938385702590231e-16,3.160422872001162291e-15,1.834219052172446133e-13,8.025810725266493205e-16
6.989837612447585948e-16,3.139301464589987261e-15,1.821873249409405461e-13,7.970191797467303211e-16
6.775389345886409429e-16,3.117165081888715849e-15,1.810045547525162397e-13,7.914626723883283162e-16
6.537651078753046823e-16,3.094487452842660652e-15,1.797721977883541182e-13,7.859167391786061301e-16
6.659515118510059357e-16,3.073175272707472822e-15,1.784416672888875066e-13,7.803863395409810817e-16
6.488381418967912445e-16,3.050639042741452556e-15,1.771716440672747125e-13,7.748748179871356382e-16
5.747253580072850125e-16,3.025272388152184359e-15,1.759640081986920747e-13,7.693833236426296051e-16
4.890253243046240762e-16,2.998377300760689612e-15,1.746540523504871848e-13,7.639121730533953180e-16
4.600598111266699394e-16,2.975931401761349269e-15,1.734651714907406345e-13,7.584616542753909284e-16
4.847749628136891391e-16,2.957007125083872507e-15,1.723069304277078719e-13,7.530320482244188157e-16
4.706377411800920380e-16,2.934933596855719835e-15,1.710454688042989977e-13,7.476236287275807164e-16
5.194811041527359854e-16,2.916589763026647456e-15,1.697746054712546150e-13,7.422366625757779949e-16
6.059300153188060695e-16,2.900668527667424019e-15,1.685191184697725181e-13,7.368714095772816099e-16
6.088483858262090495e-16,2.880402620857944558e-15,1.673373534367872724e-13,7.315281226122887485e-16
6.493349599110593217e-16,2.862163260435985430e-15,1.661247703768289741e-13,7.262070476884372359e-16
6.461765022050200770e-16,2.841565135359604050e-15,1.649360505330683707e-13,7.209084239972974429e-16
6.025610351440335614e-16,2.818788592265636577e-15,1.637689718765324653e-13,7.156324839716856928e-16
6.245496529999538370e-16,2.799428672435288612e-15,1.625372748300588625e-13,7.103800785632143075e-16
6.754348378432087566e-16,2.781860366290969431e-15,1.613074473915664283e-13,7.051551335952522059e-16
6.803876790053688905e-16,2.761754023089498031e-15,1.600922962318583299e-13,6.999638859241587637e-16
6.424191112993545467e-16,2.740124415048777672e-15,1.589921019801127532e-13,6.948128417156678709e-16
6.553549286725798985e-16,2.720607821895488635e-15,1.577730340235055708e-13,6.897083110381805207e-16
6.788898341387947353e-16,2.702190963658046289e-15,1.565976163869592297e-13,6.846564119766541166e-16
6.847244038281424977e-16,2.683381258544466039e-15,1.554858532597179860e-13,6.796630753091117167e-16
6.553546787735225849e-16,2.662411079499416095e-15,1.543512825321924031e-13,6.747340497058847301e-16
6.881283911884523773e-16,2.645657775852540605e-15,1.532620599392667000e-13,6.698749074220189110e-16
7.369437668967988026e-16,2.629832331566763697e-15,1.521519539797601031e-13,6.650910504548163095e-16
7.122621992891233788e-16,2.609697215819949019e-15,1.510307772794757168e-13,6.603877171398817281e-16
5.976166133960335308e-16,2.584805334070581378e-15,1.499606611946684552e-13,6.557699891607896591e-16
5.352366801712408986e-16,2.565998503010266549e-15,1.492153145714811748e-13,6.512427989491407339e-16
6.082268416796866202e-16,2.552003984983121262e-15,1.480726460249188259e-13,6.468109374535631915e-16
6.513053216907102408e-16,2.536412279339069175e-15,1.469305670601127319e-13,6.424790622581788414e-16
6.503829373964457292e-16,2.520211239584987533e-15,1.459981308710871765e-13,6.382517060329093799e-16
7.160005750995419142e-16,2.507785170999015574e-15,1.450191172838849866e-13,6.341332853000813196e-16
7.030205902954078249e-16,2.491357569052286926e-15,1.440924996809703613e-13,6.301281094712614333e-16
7.162772245604036930e-16,2.477129201331461355e-15,1.432166165910004518e-13,6.262392639351674764e-16
6.905666890206354005e-16,2.461285779520532093e-15,1.423955783249793456e-13,6.224650471184643070e-16
6.721837048370384279e-16,2.445952233514442217e-15,1.415578057464105351e-13,6.188005484082389471e-16
7.193109446396518635e-16,2.434839807054021801e-15,1.407365164240181238e-13,6.152404595720900248e-16
6.951787765796900296e-16,2.420161197835175606e-15,1.399703294254321747e-13,6.117796092135397214e-16
6.980084145807097455e-16,2.407235801815895889e-15,1.391992555498360425e-13,6.084129556675437816e-16
6.805815648370991595e-16,2.393004205383309157e-15,1.383944214006727122e-13,6.051355803207589447e-16
6.326706422595652209e-16,2.377591983872171168e-15,1.376448377502558332e-13,6.019426813378992067e-16
6.192012655752443266e-16,2.365009260634637298e-15,1.369732156503066420e-13,5.988295677769086065e-16
6.500301916938828597e-16,2.355075550372698926e-15,1.362851844622938229e-13,5.957916540767416135e-16
6.350656815076167988e-16,2.342799389837871175e-15,1.356231004512432850e-13,5.928244549026199762e-16
6.540177927600300789e-16,2.332740054473422829e-15,1.349693886339884139e-13,5.899235803347241104e-16
6.758106393128700190e-16,2.322595210761621132e-15,1.342730027653283333e-13,5.870847313871204953e-16
7.080116448694265999e-16,2.313693754344142668e-15,1.336361427954940006e-13,5.843036958445836473e-16
6.963651012208007157e-16,2.302570518889331736e-15,1.330327497792091284e-13,5.815763444058590979e-16
6.400950664527562730e-16,2.288853760799903204e-15,1.324239854581465216e-13,5.788986271224923396e-16
6.252078286788761560e-16,2.277847158587428828e-15,1.318349358373340284e-13,5.762665701231277969e-16
6.368642881073143062e-16,2.268747822785103042e-15,1.312771119070803511e-13,5.736762726137806290e-16
6.261617960242672295e-16,2.257913225603014992e-15,1.306588978808381599e-13,5.711239041450639933e-16
6.693496254188322757e-16,2.250092701433103246e-15,1.300130065618390504e-13,5.686057887380008862e-16
6.704071418067734944e-16,2.240290821717184740e-15,1.294210903346403859e-13,5.661193817593302424e-16
6.551706572392036047e-16,2.230265618752639184e-15,1.289100203916061533e-13,5.636634358188031516e-16
6.371285872237127280e-16,2.220465729222000870e-15,1.284396741131709716e-13,5.612371225237252382e-16
5.981028649617430790e-16,2.208269762539505297e-15,1.278247024326092290e-13,5.588396335526283740e-16
6.024360252223277349e-16,2.199583751692462274e-15,1.273146422904688590e-13,5.564701735690469601e-16
6.340638846910535554e-16,2.192074836930552529e-15,1.267452358066450572e-13,5.541279599057511055e-16
6.735062808428281142e-16,2.185003812237737581e-15,1.261659237022792832e-13,5.518122222596134548e-16
6.494693738816991397e-16,2.175229005647864471e-15,1.257087611743185612e-13,5.495222023968501270e-16
5.759531451476920639e-16,2.162558852985131303e-15,1.252506295171477533e-13,5.472571538683772187e-16
5.788272903101879721e-16,2.153610610900499506e-15,1.246900507612149533e-13,5.450163417349998663e-16
6.090251822552001294e-16,2.147226743683971928e-15,1.242360529426232623e-13,5.427990423022151565e-16
6.253320805945369201e-16,2.139897130426503611e-15,1.237633135996024938e-13,5.406045428643710252e-16
6.260460736760245720e-16,2.131103514906096380e-15,1.232193912898618973e-13,5.384321414579256537e-16
6.496168738186120290e-16,2.123664056341699695e-15,1.226690161681526028e-13,5.362811466236216824e-16
6.783053787950057132e-16,2.116952150072247256e-15,1.221671933191522890e-13,5.341508771773581103e-16
6.192061680893326969e-16,2.105925854554890995e-15,1.217663499745888424e-13,5.320406529966961560e-16
6.322118329863836666e-16,2.098251621067068314e-15,1.212491895100421473e-13,5.299497562762755836e-16
6.528800094468807779e-16,2.091066323367516005e-15,1.207334514201600888e-13,5.278774402941961868e-16
6.400665161998598053e-16,2.082697309666842535e-15,1.203092758303078640e-13,5.258229612428283592e-16
6.439937047709669188e-16,2.074831781185930007e-15,1.198216438986668361e-13,5.237855861387759207e-16
6.580609252450907205e-16,2.068075088700428147e-15,1.193917536920936633e-13,5.217645926119818460e-16
6.461908080991653052e-16,2.059783262887149187e-15,1.189586170164527055e-13,5.197592687036560218e-16
6.432463749548384151e-16,2.051770577609277059e-15,1.184914182085735033e-13,5.177689126738930751e-16
6.511567508234574925e-16,2.044405228959438128e-15,1.180204497712669843e-13,5.157928328186981574e-16
6.299782826953990189e-16,2.035588295939521822e-15,1.175801519571472709e-13,5.138303472961940833e-16
6.428301974263967128e-16,2.028869178177569120e-15,1.171470278865920593e-13,5.118807839618379505e-16
6.247108254690771039e-16,2.020351834379473185e-15,1.167147100123850023e-13,5.099434802124068373e-16
6.482635661373560422e-16,2.013872755486853417e-15,1.162278193952422050e-13,5.080177828385511201e-16
6.534460309242917792e-16,2.007081023325685405e-15,1.158309930194128081e-13,5.061030478856989689e-16
6.163599987266254805e-16,1.997345368564896007e-15,1.153790995439996677e-13,5.041986405231526700e-16
6.180181448584784235e-16,1.989675753728504127e-15,1.148975281473640749e-13,5.023039405319614271e-16
6.145307586492227336e-16,1.982402191947755978e-15,1.144969315562755241e-13,5.004189985224707593e-16
6.321000975718630970e-16,1.976438991456417101e-15,1.141018745257476386e-13,4.985456340468171816e-16
6.557883021562519501e-16,1.970706673977891696e-15,1.136887724658322976e-13,4.966867765154483217e-16
6.737618499294158708e-16,1.964507728846008180e-15,1.132559527655884718e-13,4.948454253098354545e-16
6.814684000321676769e-16,1.957850619688510718e-15,1.128346473759648597e-13,4.930245349720129352e-16
6.551187326886771037e-16,1.949107786103606780e-15,1.124004528159302318e-13,4.912270163737072361e-16
6.145063594595657560e-16,1.940032223467885083e-15,1.120214955947545744e-13,4.894557380591297672e-16
5.985992023968911957e-16,1.932513258632526309e-15,1.116462622072758664e-13,4.877135277569528492e-16
5.922774795965542400e-16,1.925363068151033131e-15,1.112406112511025655e-13,4.860031740572671692e-16
5.882346512371917054e-16,1.920901498208917978e-15,1.111330912620047962e-13,4.843274282496600332e-16
6.019646032776938723e-16,1.922296401057215563e-15,1.115953885181485523e-13,4.826890063187304349e-16
6.085836895584867264e-16,1.921697661029973159e-15,1.118594253539899956e-13,4.810905910937535606e-16
5.779935125976826829e-16,1.914352471981151179e-15,1.115637873242771152e-13,4.795348345495628304e-16
5.653713507305569926e-16,1.906314838961529230e-15,1.110458875753695407e-13,4.780243602560424863e-16
5.710501749148225941e-16,1.894326915715877389e-15,1.099125390960195932e-13,4.765617659740570220e-16
5.760105961839125437e-16,1.883259854689185041e-15,1.088834047528954285e-13,4.751496263960505049e-16
6.084746521192298133e-16,1.879346952457283789e-15,1.085076000977952753e-13,4.737904925406038182e-16
5.992561631215717088e-16,1.873646126797212785e-15,1.081998985879660672e-13,4.724867363170377034e-16
5.748697259485652644e-16,1.867442842223880254e-15,1.079251496798881361e-13,4.712403332242760551e-16
5.708751979836793121e-16,1.862341737634215895e-15,1.076234969258714678e-13,4.700530042525860116e-16
5.788113172511011626e-16,1.857949248489112737e-15,1.073077981340638355e-13,4.689264527634557356e-16
6.273371636053832299e-16,1.856718373322177086e-15,1.070695108362548652e-13,4.678623845896190149e-16
6.450699301121063651e-16,1.853932821281807481e-15,1.068471547239979611e-13,4.668625105651851138e-16
6.113768619024030160e-16,1.848237901758683954e-15,1.066244863044299599e-13,4.659285491306877314e-16
5.965701705203814813e-16,1.843893575871312862e-15,1.064139989268027363e-13,4.650622290153323801e-16
6.140887594814510717e-16,1.841801521811461882e-15,1.062280550495138917e-13,4.642652919990859550e-16
5.901207367792439000e-16,1.837649735676063894e-15,1.060738863050921984e-13,4.635394957575369414e-16
5.632971197434061566e-16,1.833434640085717476e-15,1.059133232676829227e-13,4.628866167927780451e-16
5.822305712592156626e-16,1.832508330720490110e-15,1.058033251613758763e-13,4.623084534539771790e-16
5.973552253212874466e-16,1.831392409808228629e-15,1.056823602365314750e-13,4.618068290516556603e-16
6.194985546420796792e-16,1.830962929387213185e-15,1.055756988229279783e-13,4.613835950700611614e-16
5.918340505323861077e-16,1.827812077376734207e-15,1.054749131598052174e-13,4.610406344824335640e-16
5.881466351307426672e-16,1.826539241307062484e-15,1.054093591623817644e-13,4.607798651744096419e-16
6.121856493387714530e-16,1.827475637365171703e-15,1.053930903294088687e-13,4.606031265240543799e-16
6.438280469830464405e-16,1.828736691374406733e-15,1.053420173685263987e-13,4.605096469938305822e-16
6.349321618912167617e-16,1.828188365756242030e-15,1.053439563308504756e-13,4.604925235985031616e-16
6.023026645046358384e-16,1.826788018301573607e-15,1.053958869018027458e-13,4.605410744359265765e-16
5.988064857019588080e-16,1.826886216506663470e-15,1.054078585974174236e-13,4.606444919515240503e-16
5.738036306331462832e-16,1.826208692707850636e-15,1.054682180544085537e-13,4.607919816365020825e-16
5.688104403131348722e-16,1.826838512603505840e-15,1.055361527318494947e-13,4.609727504112957782e-16
5.947274897876319003e-16,1.829191609133234894e-15,1.055867693942957553e-13,4.611759975438815342e-16
5.995168662792049122e-16,1.830482841665991793e-15,1.056570171032960740e-13,4.613909080998142581e-16
5.885104817054708174e-16,1.830583733000098347e-15,1.056953965378737035e-13,4.616066489260442040e-16
6.473436529629565477e-16,1.834308428376605813e-15,1.056766052941786606e-13,4.618123671740106973e-16
6.535619793851734978e-16,1.835132496233638282e-15,1.056879775461320841e-13,4.619971913693321981e-16
6.341655244853881913e-16,1.834852283988310155e-15,1.057547299703726415e-13,4.621502350355702143e-16
6.241230570348322071e-16,1.835251696493428555e-15,1.058475485624459716e-13,4.622606028779878614e-16
6.275603746442123100e-16,1.835362031896614037e-15,1.058236558703095966e-13,4.623173995299973247e-16
6.326366616935486508e-16,1.835042160884865219e-15,1.057503741558915236e-13,4.623097408601580156e-16
6.151928501176835746e-16,1.833850262497813240e-15,1.057506219059998574e-13,4.622267678309161148e-16
6.294982177272509069e-16,1.834198377105381406e-15,1.057314984738383174e-13,4.620576628920575442e-16
6.592373224967134362e-16,1.834814202726650350e-15,1.056577521820339473e-13,4.617916796332015197e-16
6.565819714563898283e-16,1.833247072065766875e-15,1.055778740356596755e-13,4.614197161636450370e-16
6.335959133290653268e-16,1.829934734434368264e-15,1.054568922940639862e-13,4.609399622814739513e-16
6.254415115770400244e-16,1.827066596607537743e-15,1.053090673635686163e-13,4.603595995791681707e-16
6.227968642318087842e-16,1.825200528224199220e-15,1.052642176180578802e-13,4.596868976057153955e-16
6.103844264791862424e-16,1.821296856955495078e-15,1.050631034917344880e-13,4.589301386883126739e-16
6.269745913847417532e-16,1.818614395438182434e-15,1.048209862936649587e-13,4.580976024254060294e-16
6.610310226873925554e-16,1.816724240348692782e-15,1.045670945130665079e-13,4.571975516247242745e-16
6.706141392826796172e-16,1.813993862983693430e-15,1.043995804535558444e-13,4.562382196963427061e-16
6.614137372694517035e-16,1.809507164068130258e-15,1.041680172247455851e-13,4.552277995044437969e-16
6.127715360542039495e-16,1.802662225088251036e-15,1.039412039917596799e-13,4.541744336754693413e-16
6.176607351988756090e-16,1.799125204426245869e-15,1.037402323722918767e-13,4.530862063553570332e-16
6.528345082853643550e-16,1.796454292618719868e-15,1.034367265897162971e-13,4.519711364040920645e-16
6.785962236243837734e-16,1.793829386846750116e-15,1.032092651785777210e-13,4.508371720121805070e-16
6.687172565232453925e-16,1.788171429455851403e-15,1.028723905259511161e-13,4.496921867206391662e-16
6.518040806403895086e-16,1.783141200334906757e-15,1.026624777230897506e-13,4.485439768238334574e-16
6.593625934599010918e-16,1.779514815678365078e-15,1.024450126570936408e-13,4.474002601329246256e-16
6.185520338485420308e-16,1.772600780714465512e-15,1.021741865780466751e-13,4.462686760766195095e-16
6.037759260478158033e-16,1.767386785019310819e-15,1.019175705234723242e-13,4.451567871159280861e-16
6.044593428980901606e-16,1.762962579904648691e-15,1.016398672249734130e-13,4.440720814496344711e-16
6.470561087099870197e-16,1.761539401972928240e-15,1.014155831071377035e-13,4.430219769688006769e-16
6.498253085917220674e-16,1.757724800007901839e-15,1.011788938211186597e-13,4.420135236624077589e-16
6.358983508845779744e-16,1.753744020948531718e-15,1.010286496003976772e-13,4.410504149816303998e-16
6.578648333823408460e-16,1.751554165720250589e-15,1.008314129110386182e-13,4.401279044587619386e-16
5.707045039011382179e-16,1.742585639194874339e-15,1.005826191596251846e-13,4.392394660981419206e-16
5.239216828929089710e-16,1.736651039197208342e-15,1.004067238687209058e-13,4.383786337139183753e-16
5.069200022642290599e-16,1.735051783107732659e-15,1.005369911776412891e-13,4.375389964460269448e-16
5.057744560950825279e-16,1.734478771240820576e-15,1.006722059660900209e-13,4.367141952205922658e-16
5.744033245681150413e-16,1.736582060837548939e-15,1.006345557467319745e-13,4.358979201402714723e-16
6.206568221501321933e-16,1.736535314719513866e-15,1.004956663773952335e-13,4.350839087913667298e-16
6.241494414005078541e-16,1.731369261510822958e-15,1.000431623773662498e-13,4.342659454553455962e-16
6.212563399036797185e-16,1.725060166371402972e-15,9.950212962660863215e-14,4.334378612128867953e-16
6.172704358089714255e-16,1.719816597559210351e-15,9.910025512982485875e-14,4.325935349287991888e-16
6.546912331472780920e-16,1.718658111829985082e-15,9.890354240207327138e-14,4.317268951059091453e-16
5.676086373064933235e-16,1.709349055448430773e-15,9.861666928088383391e-14,4.308319225954585697e-16
5.791875890211718144e-16,1.707769440911937448e-15,9.856580574365432332e-14,4.299026541506523561e-16
6.155240484399587827e-16,1.705542071465886108e-15,9.827248780201634814e-14,4.289279821968889916e-16
6.207463829264322121e-16,1.701748306182961222e-15,9.802331131239934279e-14,4.279089072122772187e-16
6.130951398361915840e-16,1.697315687079708444e-15,9.780006094018162941e-14,4.268406569402026866e-16
6.513829951897061571e-16,1.694964153770213847e-15,9.751618992893363072e-14,4.257147851800082427e-16
6.124636459906920832e-16,1.688507310338762303e-15,9.729673848756846374e-14,4.245256939008572275e-16
6.270537116490319033e-16,1.683958321105306502e-15,9.694830664252120734e-14,4.232687758727300789e-16
5.902280084065133878e-16,1.676915482581002078e-15,9.667912802238658860e-14,4.219456976030877207e-16
6.071315455043276363e-16,1.672346304266687646e-15,9.633941581301449531e-14,4.205608714238642190e-16
6.134368214261753644e-16,1.666637952896339076e-15,9.595357804943327784e-14,4.191187761435634532e-16
6.598771043197399137e-16,1.664092057061329649e-15,9.567434476588586599e-14,4.176238623515823432e-16
6.061124024826411782e-16,1.654942205717253659e-15,9.532474505356815079e-14,4.160805465932698635e-16
5.895586230393113752e-16,1.647807325793356955e-15,9.496147188296051302e-14,4.144932063637705264e-16
5.955248439165739726e-16,1.641840109604244115e-15,9.459126173162072652e-14,4.128661755472649462e-16
6.421572096262805732e-16,1.637774986475061500e-15,9.416948002418565174e-14,4.112037402976229443e-16
5.872182928947365469e-16,1.627833940046583171e-15,9.376701435139566252e-14,4.095101353553866672e-16
6.065127166026404205e-16,1.622625419605764729e-15,9.341637173642702286e-14,4.077895407948392875e-16
5.910169888398699305e-16,1.614406231409048386e-15,9.295316801967645824e-14,4.060460791941015993e-16
5.887325145162789183e-16,1.607354831815872898e-15,9.254165096450360879e-14,4.042838132202395595e-16
6.199101896975186959e-16,1.602484230071240635e-15,9.215856599448268288e-14,4.025067436207779784e-16
5.976873300781431243e-16,1.594263033072055740e-15,9.175544598606658765e-14,4.007188076123049986e-16
6.213466964990736922e-16,1.588641982860834004e-15,9.134082255040046740e-14,3.989238776564692035e-16
6.122377101351965430e-16,1.581263469041502986e-15,9.094756224261056501e-14,3.971257606132628150e-16
6.213507283803601877e-16,1.574627296442646345e-15,9.051436406368698194e-14,3.953291364765442014e-16
6.228034724492606135e-16,1.567622959203737883e-15,9.008818048007601818e-14,3.935425237009555021e-16
5.807755852324900771e-16,1.558286744943191285e-15,8.968554884647971047e-14,3.917759182102253012e-16
5.667199679269788267e-16,1.550765890733177682e-15,8.929612036887599145e-14,3.900393194390550102e-16
5.721309464155125013e-16,1.544579077239423380e-15,8.891827185356749567e-14,3.883425507297643271e-16
5.735677197019539395e-16,1.537762145933068005e-15,8.848185773669297089e-14,3.866952683215454009e-16
5.899969190517006273e-16,1.533084090104624560e-15,8.818254593580769206e-14,3.851069727707650800e-16
5.691470970496356793e-16,1.525759462642121836e-15,8.781260174390793682e-14,3.835870227355288010e-16
5.639958475461191280e-16,1.519807120382186803e-15,8.747892165698640467e-14,3.821446510668518735e-16
5.869616539698968257e-16,1.515898638797947842e-15,8.716882604125379580e-14,3.807889831593398120e-16
6.114864799890764905e-16,1.512246932621270236e-15,8.685762369294067035e-14,3.795290575264263949e-16
5.945675412608414779e-16,1.506639666204347263e-15,8.658049357154741044e-14,3.783738485789756168e-16
5.564711651960537620e-16,1.500190745340788987e-15,8.632146981285422861e-14,3.773322916013314725e-16
5.402506123640148169e-16,1.496440252536178216e-15,8.620592472671708860e-14,3.764133099355909689e-16
5.577796016146909254e-16,1.493953227867838700e-15,8.597056601638895542e-14,3.756258444033753866e-16
5.853279129487476366e-16,1.493276231642513883e-15,8.584868243391706089e-14,3.749788850142935037e-16
5.558601076705527180e-16,1.489726014869305054e-15,8.575009431840580306e-14,3.744815050320875565e-16
5.674227382052659645e-16,1.488446782085168367e-15,8.559472228605748600e-14,3.741428974929683131e-16
5.801874614529301591e-16,1.488612010002537743e-15,8.556501585034439904e-14,3.739689174850042356e-16
5.881562155168997940e-16,1.488833965112280202e-15,8.554024684453381133e-14,3.739484074630551619e-16
5.754928961283498393e-16,1.488887958672836578e-15,8.560994981654961106e-14,3.740596852787611739e-16
5.658956354866540929e-16,1.489239207194638710e-15,8.566759659479927332e-14,3.742793798174636044e-16
5.699090029391467447e-16,1.490956282469319772e-15,8.577253946108430245e-14,3.745841744851316408e-16
5.788518761559001216e-16,1.492887597863690442e-15,8.585394267114506635e-14,3.749507469029601615e-16
5.560177242254606929e-16,1.493368210060009215e-15,8.597629061018196864e-14,3.753557230472197252e-16
5.540644686747096936e-16,1.494857892005843115e-15,8.606974736997656694e-14,3.757756459665353168e-16
5.443414425378997599e-16,1.495445252545231056e-15,8.611125967561636838e-14,3.761869591256053821e-16
5.824768008988765661e-16,1.499154927568253838e-15,8.619622858969812529e-14,3.765660044663163226e-16
5.637031995497805004e-16,1.499502934866101190e-15,8.629437984068453984e-14,3.768890352933694060e-16
6.109259136592100926e-16,1.502902462932311333e-15,8.631180522754703887e-14,3.771322440819303510e-16
5.892141778634514912e-16,1.502563965319844424e-15,8.639123431902513539e-14,3.772718052688903742e-16
5.757354575342818172e-16,1.501888888154649671e-15,8.640124716759308209e-14,3.772839330271365499e-16
5.947399858540864683e-16,1.502355467233567602e-15,8.635546822540264579e-14,3.771449539337222500e-16
6.164620596303996212e-16,1.502427533045121119e-15,8.628608791588518934e-14,3.768313943281705021e-16
5.997774886176811203e-16,1.499324841081581738e-15,8.615391632394191210e-14,3.763200820171201989e-16
5.744138882301314827e-16,1.495342799704947726e-15,8.602777434951691306e-14,3.755942070627587929e-16
5.816739990528452922e-16,1.492148379500477591e-15,8.581100872664484428e-14,3.746781234592623047e-16
5.739217815244372545e-16,1.487564561135343233e-15,8.556366019905488866e-14,3.736326705791434972e-16
5.600373793942962312e-16,1.482752545023166300e-15,8.534758365059547171e-14,3.725269077749368354e-16
5.630376037787274661e-16,1.478359038714718197e-15,8.506054927343885590e-14,3.714291807760998006e-16
5.721114195173447069e-16,1.474774150989785496e-15,8.480957611617812763e-14,3.704070536875118387e-16
5.666740129311613580e-16,1.471428236754576785e-15,8.465581104767975569e-14,3.695273848813093577e-16
5.569330989346962934e-16,1.468862715955578644e-15,8.457616166303373599e-14,3.688565245857117755e-16
5.622231639596526194e-16,1.467642599759551297e-15,8.448650951630507531e-14,3.684606326381783654e-16
5.667465959590923663e-16,1.467542900913215804e-15,8.445866734229163849e-14,3.683970326168132632e-16
5.349363319718087548e-16,1.466524890612913686e-15,8.449584667529504698e-14,3.686717186000648261e-16
5.266501511996283331e-16,1.468215248211531721e-15,8.461926170077693376e-14,3.692457659249889203e-16
5.494638224518045041e-16,1.472715829601175551e-15,8.480157581429822627e-14,3.700707848055477324e-16
6.023041687528417571e-16,1.479923064026368382e-15,8.504958601008051894e-14,3.710985274068649360e-16
6.061635129151722992e-16,1.484531883235583746e-15,8.529484900514814387e-14,3.722805912531847782e-16
5.832906164502541605e-16,1.488006797390273865e-15,8.556730931722307725e-14,3.735681826856208996e-16
5.628872892895201729e-16,1.492014742442001067e-15,8.587204379529876359e-14,3.749119443893359762e-16
5.951888335116211508e-16,1.499244931845295325e-15,8.619011535004836314e-14,3.762618477644461799e-16
6.046690567956115968e-16,1.505134170212965331e-15,8.651974016884466073e-14,3.775671514364278098e-16
5.553429653566446325e-16,1.507659089686485273e-15,8.688414048772777342e-14,3.787764274796653018e-16
5.608687978754059872e-16,1.514516448186107290e-15,8.741716046546272118e-14,3.798376569549366591e-16
5.942197854718605616e-16,1.521725255142587639e-15,8.784355197213437733e-14,3.806983961297413561e-16
6.021055352495543244e-16,1.524944042800974246e-15,8.803012352489643565e-14,3.813060355640628137e-16
5.874657064054054433e-16,1.525047227060848734e-15,8.806978491584494158e-14,3.816196692737099511e-16
5.912771990150995935e-16,1.521728716917125875e-15,8.764081693069439545e-14,3.816381542110489791e-16
6.015879896557141283e-16,1.519294679740674626e-15,8.733305257626211961e-14,3.813889630060872158e-16
5.890388143715678823e-16,1.517058160460138207e-15,8.726675630278200037e-14,3.809038570453933467e-16
5.959384502441832743e-16,1.514863804923695686e-15,8.711934316412368239e-14,3.802149195996242194e-16
6.204442222771265887e-16,1.513078755243396083e-15,8.693696690503614488e-14,3.793543731373512867e-16
6.034049425547755439e-16,1.507756742836726722e-15,8.665581204108482565e-14,3.783544228313261825e-16
5.738765179770896695e-16,1.501332092146677188e-15,8.635646535995741697e-14,3.772471267621274064e-16
5.857453568387817690e-16,1.497402433326444991e-15,8.608305268631122520e-14,3.760642929918180009e-16
5.905835929597090555e-16,1.492971009867296138e-15,8.580901521325323225e-14,3.748374034092853218e-16
5.867190576759418846e-16,1.489018007507837184e-15,8.565728060732700486e-14,3.735975640402560367e-16
5.874973597161118010e-16,1.485300713430538515e-15,8.549651766684139379e-14,3.723754813684241673e-16
5.821587994593032935e-16,1.480175543133387009e-15,8.519771048621599795e-14,3.712014641286842759e-16
5.724666517366999855e-16,1.475252343876250909e-15,8.493661660676284682e-14,3.701054500075609298e-16
5.937398073493781481e-16,1.472250091985507476e-15,8.466142087047516609e-14,3.691170567179843938e-16
5.757586685642148307e-16,1.467165380041036129e-15,8.437974964603249211e-14,3.682656570035812802e-16
5.406776771265125874e-16,1.462162414597575663e-15,8.419084858896249567e-14,3.675804593381730792e-16
5.450277794792773625e-16,1.460293962787662060e-15,8.405409789654736687e-14,3.670839439948166424e-16
5.764935903213826925e-16,1.460546668330499199e-15,8.393453293257634855e-14,3.667773875949620336e-16
5.570374522862345118e-16,1.458849621631734623e-15,8.389907074585861222e-14,3.666484567702505463e-16
5.706112960216475269e-16,1.459619270457454891e-15,8.388724560606165780e-14,3.666833883131259767e-16
5.915717631032895070e-16,1.461699646978345543e-15,8.394443510672962078e-14,3.668686468973390919e-16
6.075278377288112041e-16,1.463879018199069419e-15,8.401626261044051939e-14,3.671908670297499549e-16
5.886761297735397666e-16,1.464732575752730059e-15,8.414643074866037572e-14,3.676368003256842111e-16
5.707890108191956961e-16,1.466028809915146667e-15,8.429534917825814377e-14,3.681932679059080107e-16
6.076729607306479316e-16,1.470463402069052598e-15,8.441195120552758536e-14,3.688471177654955696e-16
6.058833573883173952e-16,1.473107299212432316e-15,8.456603565309030761e-14,3.695851870114189836e-16
6.042069215499545702e-16,1.476208479497246972e-15,8.475745578000084297e-14,3.703942689069704619e-16
5.783185010552950984e-16,1.478111609395322908e-15,8.496254647104826588e-14,3.712610846971803033e-16
5.666248433629662433e-16,1.481155317087090527e-15,8.519291322292550361e-14,3.721722602205967463e-16
5.719057205993733010e-16,1.485030838323088831e-15,8.539685582808294234e-14,3.731143073389807451e-16
5.486966544310358793e-16,1.487687442437891786e-15,8.565215021298948860e-14,3.740736102377714264e-16
5.685432398926198328e-16,1.493045153573421531e-15,8.592533977829652361e-14,3.750364166666424392e-16
5.958018076294196406e-16,1.498405535957616437e-15,8.614989601146015219e-14,3.759888363818850541e-16
5.918497910601630697e-16,1.501530341747193295e-15,8.633155098282719370e-14,3.769193051944086033e-16
5.843019105733421336e-16,1.504554795497953150e-15,8.653258154345259546e-14,3.778245520150693169e-16
5.688981805567371709e-16,1.507051686905247980e-15,8.673130928350310187e-14,3.787058024352535126e-16
5.376377162045839096e-16,1.507959328161460536e-15,8.685657403413897812e-14,3.795648621049817088e-16
6.058802430056872057e-16,1.578464020853072685e-15,8.684274209619830334e-14,3.804035586031281794e-16
6.145793729676893361e-16,1.540573933817771027e-15,8.724552607391252274e-14,3.812237403569657001e-16
5.897007702376220199e-16,1.521565862202110884e-15,8.753614478887275568e-14,3.820272756486674195e-16
5.622073586494819637e-16,1.523011459873884220e-15,8.771632834629718542e-14,3.828160517108256184e-16
5.574320522172367460e-16,1.525578359427763584e-15,8.787284078071360211e-14,3.835919739129311605e-16
5.654797645680302339e-16,1.528550493618670898e-15,8.799067810390978413e-14,3.843569650406911237e-16
5.959017685887516608e-16,1.533437919638275824e-15,8.818294886496484943e-14,3.851129646698207089e-16
5.721640766727310035e-16,1.535028734265279850e-15,8.836356545190674177e-14,3.858619286359896019e-16
5.660294185808167050e-16,1.537922806597589311e-15,8.857694042049886767e-14,3.866058286023898724e-16
5.649068406895039925e-16,1.540302993161242199e-15,8.869370368538747908e-14,3.873466517264262175e-16
5.421718643367427625e-16,1.542410504321627011e-15,8.893185366867371203e-14,3.880864004268705021e-16
5.533136842925787666e-16,1.545678396654420977e-15,8.906911947951993725e-14,3.888270922528757435e-16
5.712784975118966736e-16,1.549865525878357466e-15,8.926708278931683156e-14,3.895707598561130517e-16
4.761436137868269088e-16,1.547059441486821802e-15,8.942707965551658409e-14,3.903179088792356622e-16
5.307791787680526564e-16,1.553399210970281659e-15,8.962304572288326919e-14,3.910616656228087259e-16
5.308367439038896622e-16,1.556839595808724171e-15,8.986190560828824525e-14,3.917920668185692541e-16
5.452276781876285653e-16,1.560171974273394920e-15,8.999198060241210325e-14,3.924988335524896715e-16
5.653126974429422992e-16,1.563862721171718214e-15,9.013130121354703502e-14,3.931716188945914408e-16
5.391989243336094167e-16,1.564094605716831692e-15,9.019622204641558662e-14,3.938004827933423859e-16
5.611254003498015823e-16,1.567213191794318459e-15,9.027641701220994127e-14,3.943822519188051993e-16
5.422222885013168705e-16,1.568648598681171901e-15,9.046157883058864959e-14,3.948880635853151263e-16
5.711038227827584678e-16,1.571574233277550457e-15,9.050681686958389587e-14,3.953173962330405829e-16
5.695442342002158444e-16,1.572492355098401137e-15,9.054657572262531112e-14,3.956597084496273137e-16
5.788713547316344797e-16,1.574403319297601699e-15,9.065047355832517310e-14,3.959044794649054086e-16
5.715284115330460836e-16,1.574456943056815012e-15,9.067614563943987527e-14,3.960413198132066431e-16
5.807390985829975650e-16,1.574615527714476639e-15,9.062594405448346652e-14,3.960619601839384140e-16
5.605234449021618770e-16,1.573223857958443210e-15,9.062448390136042556e-14,3.959685605449644562e-16
5.426148685208881361e-16,1.572119204787979373e-15,9.066588722411097413e-14,3.957697388333896161e-16
5.339407674608727107e-16,1.570074044449134044e-15,9.055253882562499182e-14,3.954743095822153281e-16
5.648548446870873897e-16,1.570372152701267726e-15,9.046051953224003662e-14,3.950911344837484886e-16
5.496316953443301034e-16,1.567994554480634720e-15,9.039154448761689373e-14,3.946291019438249378e-16
5.680179659638080474e-16,1.566008723641044517e-15,9.015136027942958493e-14,3.940971085648817705e-16
5.792449713641157444e-16,1.564326066932442621e-15,9.001050870077848539e-14,3.935040425837928017e-16
5.883189852482104967e-16,1.562254286644094508e-15,8.985143499382664337e-14,3.928587692796443797e-16
5.580226052782713429e-16,1.558177132404155306e-15,8.973998473681257674e-14,3.921701183567858711e-16
5.350361513722521564e-16,1.554405800165457970e-15,8.962242056207733629e-14,3.914468733000242747e-16
5.646606922216524634e-16,1.553204551391870563e-15,8.944671112862454580e-14,3.906977626916829712e-16
5.534555301889676269e-16,1.549219953798701675e-15,8.923016486555962730e-14,3.899314534740138491e-16
5.077990430441385649e-16,1.543527380721334349e-15,8.905496640866468277e-14,3.891565461357464919e-16
5.122984805685016237e-16,1.540708741457126842e-15,8.886921587080208383e-14,3.883815717979192423e-16
5.222353088001159768e-16,1.538371141828803398e-15,8.870041906732466852e-14,3.876149911715941187e-16
5.293316586438062683e-16,1.536010123737953959e-15,8.854504089142754818e-14,3.868651953588216071e-16
5.433406704537921837e-16,1.533925875915552965e-15,8.836785450253145895e-14,3.861405084680557445e-16
5.522990647235283050e-16,1.531704305422273727e-15,8.820219078191190127e-14,3.854491920160956411e-16
5.229285990597967759e-16,1.527671431150532105e-15,8.808153297208353504e-14,3.847994510906392121e-16
4.811346174035814240e-16,1.522869909648726993e-15,8.794497961776294031e-14,3.841994422505994189e-16
5.071392145381741393e-16,1.522104572370641788e-15,8.779680020649697388e-14,3.836572831453750469e-16
5.114800631940469924e-16,1.520631281473320395e-15,8.770247642008163787e-14,3.831810638393607849e-16
4.976492698467570086e-16,1.518447105237885523e-15,8.763467520243758535e-14,3.827788598339944658e-16
5.057019446438528273e-16,1.517375185622756870e-15,8.752523432200988518e-14,3.824587467867845794e-16
5.150320695249523323e-16,1.517069216331156591e-15,8.747691423885169322e-14,3.822288169346592002e-16
5.083746786812076422e-16,1.515880780359229457e-15,8.741226892236242241e-14,3.820971972381132154e-16
4.683186934171918350e-16,1.513676056915978559e-15,8.743750724427694355e-14,3.820720692725958322e-16
5.009923904902517551e-16,1.515868242355503203e-15,8.744831532768146312e-14,3.821616909046710829e-16
5.283514366624843571e-16,1.518193496113286151e-15,8.748130685373117300e-14,3.823744198026272303e-16
4.899537916749686502e-16,1.517255770553661927e-15,8.756025598339946290e-14,3.827187388444643826e-16
5.017194633755468519e-16,1.520117550572556611e-15,8.769959569186188510e-14,3.832252744344568211e-16
4.925386220406993103e-16,1.522108365932962023e-15,8.785103823321809505e-14,3.838704007730559199e-16
4.844173193047430421e-16,1.524450441904243439e-15,8.799753898705484172e-14,3.846744503139754503e-16
5.200566546689508970e-16,1.530687635185192061e-15,8.826231562907421377e-14,3.856470909484601338e-16
5.253322687767194925e-16,1.535346605165980881e-15,8.850982915384198033e-14,3.867979582294813401e-16
5.236601513551619485e-16,1.540340664277831740e-15,8.880214967158356295e-14,3.881370191850488774e-16
5.048700899540993800e-16,1.545145903220603947e-15,8.914633199551382534e-14,3.896746150130586917e-16
5.068604535602425006e-16,1.552139921858892572e-15,8.955633548426156163e-14,3.914215069027358889e-16
5.103994158935110722e-16,1.560232589536737134e-15,9.003429524006756332e-14,3.933889252434620636e-16
4.847282171811961783e-16,1.567096573837078992e-15,9.051728168366527415e-14,3.955886225147131792e-16
4.854391935803829765e-16,1.576587571462648787e-15,9.106929858034066839e-14,3.980329301867427981e-16
5.120875039831100348e-16,1.588550583596216340e-15,9.167306374521677782e-14,4.007348200012965673e-16
5.213974497949605728e-16,1.601241365491202301e-15,9.242282938023389802e-14,4.037079700453557819e-16
5.236398490993648925e-16,1.614865467488971702e-15,9.326700072711606830e-14,4.069665908982323351e-16
5.138674262774514483e-16,1.628417781120319696e-15,9.411779338656547817e-14,4.105129810828434255e-16
5.298143000355957110e-16,1.644696966107979238e-15,9.505411530043306267e-14,4.143201443421062448e-16
5.045826146576413973e-16,1.658118032462746607e-15,9.588652401427572236e-14,4.183450017222978738e-16
5.041406252225092915e-16,1.673663359832625657e-15,9.675646074442520587e-14,4.225420568044961812e-16
4.800614465748137644e-16,1.689064863143434190e-15,9.774733071402467621e-14,4.268640931302330575e-16
5.113860650687976753e-16,1.709101603214546472e-15,9.888311640514632465e-14,4.312620051758671855e-16
4.553722685808688409e-16,1.722874047877381186e-15,9.988243357035832111e-14,4.356846836834997222e-16
4.331864760713521315e-16,1.738806320094541054e-15,1.009043472007062555e-13,4.400878182441500112e-16
5.244041108045819673e-16,1.762123982187834722e-15,1.019824009380315441e-13,4.445941042507045543e-16
5.044978406886047778e-16,1.775877019118913485e-15,1.027866907152791527e-13,4.487475501305539083e-16
5.136602401236828435e-16,1.791335246434831198e-15,1.036385664606513688e-13,4.526925488472205003e-16
4.877263052333420126e-16,1.804259391979758033e-15,1.045000403212928502e-13,4.563680025726412932e-16
5.093693144123049926e-16,1.818475959197051869e-15,1.052552938392816059e-13,4.597115482794916505e-16
5.459936546408534773e-16,1.832137552342628831e-15,1.059327373863075983e-13,4.626599491346068836e-16
5.333150761455022144e-16,1.841402992842912075e-15,1.065427315932055033e-13,4.651495656497526353e-16
5.595027640130430215e-16,1.850144702756999115e-15,1.069378653487376309e-13,4.671169055255992371e-16
5.531997275807427199e-16,1.855405871636438959e-15,1.072851329217076143e-13,4.684992493609016331e-16
5.588777892201217801e-16,1.858683158271486130e-15,1.074636692419382936e-13,4.692353474060018569e-16
5.487020082763225088e-16,1.858232811662979245e-15,1.074743285219022200e-13,4.692661803533172197e-16
5.667306044619738186e-16,1.857016193655855017e-15,1.073709202729432599e-13,4.685468822920636219e-16
5.298646319859097508e-16,1.848921501312848550e-15,1.070051556582101767e-13,4.671050677403251061e-16
5.440045852184267369e-16,1.841389182673881390e-15,1.064942425181407580e-13,4.650287576955679980e-16
5.914808119178109396e-16,1.834285841085715212e-15,1.059265196106441363e-13,4.624172497055780101e-16
6.320750309816713446e-16,1.824799531104179334e-15,1.052255129469737451e-13,4.593697902659126322e-16
5.330648188984775737e-16,1.805228797473018363e-15,1.044211672359747106e-13,4.558299392663350657e-16
5.436221476587741864e-16,1.791779670161678382e-15,1.036148952757697259e-13,4.521212167085987813e-16
5.499909449666197616e-16,1.776563984085981078e-15,1.026427316317714982e-13,4.483412228582680638e-16
5.142545335122439264e-16,1.759740129872506125e-15,1.017867804903502716e-13,4.445193410064136497e-16
5.170555410445120669e-16,1.745508289769292649e-15,1.009575777955072734e-13,4.407433431843208890e-16
5.189745915872715554e-16,1.731309629786900262e-15,1.001060604486617414e-13,4.370978693868394038e-16
5.525487092847174441e-16,1.719309477658526156e-15,9.924714031062333782e-14,4.336535797106173740e-16
5.343864566883105832e-16,1.705812382807020689e-15,9.852139550030125404e-14,4.304379523329409766e-16
4.951983563734884246e-16,1.691976866286557497e-15,9.785087239280468132e-14,4.274451304872611516e-16
4.863405761761381893e-16,1.680317170457831770e-15,9.717541940291862773e-14,4.246668177206446290e-16
4.723202960794622718e-16,1.669697836493817470e-15,9.661305552003787492e-14,4.220951459942190813e-16
4.857718487027092337e-16,1.661181824303954865e-15,9.606030684345705170e-14,4.197226472426629833e-16
5.154888374697281855e-16,1.654808976717274608e-15,9.560333757758802898e-14,4.175422267173814693e-16
4.819995583801227675e-16,1.644484575703040546e-15,9.509007128835657550e-14,4.154868978436185799e-16
4.803996755374072868e-16,1.636800451911642303e-15,9.462379270057260607e-14,4.136181807038242499e-16
5.056381274241920548e-16,1.631591498401447803e-15,9.420553684031406660e-14,4.119958989464621975e-16
5.123649178377310841e-16,1.627062009383816299e-15,9.396145162942943594e-14,4.105398304172547054e-16
4.763995956598219812e-16,1.620191681414562989e-15,9.370002825451429805e-14,4.092444414061123279e-16
4.703753466129517599e-16,1.615292967943533417e-15,9.342636445526803423e-14,4.081044384600397821e-16
4.781535297424691047e-16,1.611990782631364517e-15,9.321010391126004734e-14,4.071147512059377848e-16
4.651427560077092593e-16,1.607935417722137797e-15,9.301590993751345248e-14,4.062705161250636104e-16
4.640839345427111590e-16,1.604785260626262726e-15,9.281173102170530758e-14,4.055670612119498739e-16
4.631073152286009801e-16,1.602532024296663509e-15,9.268440888754984444e-14,4.049998914559222231e-16
4.687879220672584686e-16,1.601522858391838135e-15,9.262673722555528093e-14,4.045646750884063174e-16
4.462683087520645089e-16,1.598570648410398676e-15,9.250609692779816525e-14,4.042535453001501994e-16
4.759378650495173796e-16,1.599644147360933623e-15,9.246758661432639092e-14,4.040704475575073140e-16
4.818140152307447736e-16,1.599739249674076767e-15,9.244933189330831091e-14,4.040239265675606303e-16
4.736572048284443479e-16,1.599726061562936568e-15,9.248806803326814470e-14,4.040928593102727329e-16
4.531072216696428298e-16,1.599123658722296755e-15,9.251997842224696040e-14,4.042735603426327706e-16
4.570766567831503951e-16,1.600293028297167279e-15,9.256251741610636247e-14,4.045624358189160285e-16
4.518457286685968671e-16,1.601773008411390374e-15,9.268403825682874557e-14,4.049559739544805981e-16
4.955582139404224795e-16,1.606307420158488797e-15,9.279962467455982997e-14,4.054507359357975661e-16
4.805536853583349544e-16,1.607150083266853736e-15,9.286639243421095910e-14,4.060433472521232151e-16
4.646538851888170698e-16,1.608997571286489114e-15,9.303741199015544437e-14,4.067304894266603462e-16
4.504105931679941499e-16,1.611600383923271648e-15,9.325766980128495489e-14,4.075471818147686461e-16
4.726089803336348046e-16,1.616337095545546700e-15,9.344968681269916009e-14,4.084643194665301960e-16
4.333078677269729567e-16,1.618072183536330992e-15,9.370702385780690517e-14,4.094298130433001048e-16
4.469545477641259792e-16,1.622510962908173430e-15,9.389533865317835929e-14,4.104764093029102142e-16
4.844018389814961695e-16,1.629359025748939901e-15,9.418381140874849039e-14,4.116009521334842768e-16
4.960761687565410042e-16,1.634577359451945897e-15,9.444043152325479973e-14,4.128002973034316575e-16
4.427372639900898869e-16,1.636545270759319644e-15,9.475364609524903476e-14,4.140713066095668957e-16
4.385952543844020230e-16,1.641348032727516652e-15,9.504146718316209122e-14,4.154108423157339014e-16
4.666476431831053547e-16,1.648298750361765705e-15,9.534158336985682923e-14,4.168157618757932593e-16
3.992152803762858318e-16,1.650341501261722313e-15,9.568978637743888839e-14,4.184046878802564946e-16
4.055580963596405476e-16,1.656883987008921354e-15,9.605694045652630620e-14,4.199693380801343934e-16
4.333448131950049743e-16,1.664581804445505127e-15,9.640305031254326194e-14,4.215620569789115838e-16
4.289273926258286159e-16,1.670763209453099271e-15,9.678569896184519130e-14,4.232067478259847112e-16
4.222926819264764431e-16,1.677199154962380084e-15,9.720349231073846463e-14,4.249001540588453886e-16
3.993074761316682856e-16,1.682976724991789322e-15,9.764565863435444891e-14,4.266389870373371727e-16
4.568501792397022547e-16,1.692782717377782934e-15,9.798816665570947339e-14,4.284199227652636321e-16
4.704588009278638920e-16,1.701412344904584851e-15,9.849472519204467210e-14,4.302395988872180543e-16
4.415447316964580561e-16,1.706961836298233813e-15,9.887985722626057793e-14,4.322929193260418985e-16
4.390343193478623645e-16,1.714370980485013684e-15,9.933479050622424840e-14,4.341889882534475545e-16
4.328342368771397368e-16,1.723267446223780790e-15,9.998940569642365947e-14,4.361104574224578987e-16
4.372216537240297927e-16,1.733101975924493250e-15,1.006754190674626063e-13,4.380558809898592273e-16
4.789992973053144747e-16,1.743663782590014282e-15,1.011769455044350283e-13,4.400216407370181987e-16
4.525454931665322944e-16,1.750065608001146234e-15,1.016619745318228133e-13,4.420040673779781974e-16
4.349763525810487881e-16,1.754961920364778427e-15,1.019002340173100779e-13,4.439994396946269825e-16
4.309086582538609514e-16,1.761264099953936833e-15,1.021636032571794893e-13,4.462007420434369863e-16
4.151629889012918658e-16,1.768415875965959392e-15,1.026479339658514385e-13,4.482443483514488027e-16
4.489261163539554875e-16,1.780565295417705911e-15,1.033858071402461460e-13,4.502566571439190875e-16
4.785057152504948343e-16,1.791168991866883961e-15,1.039695528278544791e-13,4.522653775532135934e-16
4.906612769375901336e-16,1.800070168504825038e-15,1.044750762745585983e-13,4.542664956230219546e-16
4.672225125683071389e-16,1.805464549914224319e-15,1.048147431079135165e-13,4.562559472191234937e-16
4.829423489933686039e-16,1.812398544678171465e-15,1.050494922785741696e-13,4.583021863726448686e-16
4.565419952391965843e-16,1.819033855138833202e-15,1.055314197504580294e-13,4.604166698140253545e-16
4.779797614308187249e-16,1.827624099539184887e-15,1.059510434523678818e-13,4.623416686764882513e-16
4.695385193843049139e-16,1.835760701000542211e-15,1.065363152910454920e-13,4.642369601118989148e-16
4.586939709802487567e-16,1.842643356097536742e-15,1.069975784092419084e-13,4.660982314992793989e-16
4.887489934621001716e-16,1.851469477446061422e-15,1.074096161669088687e-13,4.679211357774475784e-16
4.838595327697177782e-16,1.858602278140492589e-15,1.078644456314628795e-13,4.697546822982935282e-16
4.672797724807904617e-16,1.864186800275926791e-15,1.082016338152280809e-13,4.716485363810692882e-16
4.652894322561008896e-16,1.872365358646505729e-15,1.087988422798136910e-13,4.733185979271647524e-16
5.037774977303344969e-16,1.880219281619218007e-15,1.090848028721483291e-13,4.749311544471361997e-16
5.144341785863778200e-16,1.885979155731044979e-15,1.093308564490904829e-13,4.764817325780731570e-16
4.713502028250269832e-16,1.887972929124320273e-15,1.095254950821243944e-13,4.779658548282441858e-16
4.845402257985647222e-16,1.894912970914643709e-15,1.099026729287260218e-13,4.794855383225278539e-16
5.049573048814855975e-16,1.902579474014636545e-15,1.103445242893891481e-13,4.808819280115166240e-16
5.296898109988631421e-16,1.908456809540877466e-15,1.105790969933695285e-13,4.821206563620006105e-16
4.790381258892142995e-16,1.909881596993419059e-15,1.108379312853651797e-13,4.832735150796582078e-16
4.625484301064004534e-16,1.911788748695663141e-15,1.109311111790784392e-13,4.843361007560294111e-16
4.308966889645436559e-16,1.913424195203341000e-15,1.111137770136273396e-13,4.853414569100013125e-16
5.349099916390080695e-16,1.923882849322143159e-15,1.114044508387321655e-13,4.862778370437710520e-16
4.636819061098531654e-16,1.922742980472184938e-15,1.116008798757849694e-13,4.870175342152606204e-16
4.671252903305903256e-16,1.924854143975905656e-15,1.116786033217370995e-13,4.876482262810590017e-16
4.440957591574842592e-16,1.925367726026821568e-15,1.117815540014019658e-13,4.881658066070686869e-16
4.633898103224225949e-16,1.927185638361542664e-15,1.117651974450206704e-13,4.885798231425925601e-16
4.321546672407648045e-16,1.926634366677263350e-15,1.118535428654920314e-13,4.888637344671912532e-16
4.629126503395875392e-16,1.929533060385304377e-15,1.119532070095062303e-13,4.889851146334163136e-16
4.857662061180857876e-16,1.930920262343155696e-15,1.119587749213124340e-13,4.889763912796929894e-16
4.888757281856102030e-16,1.930647824594939570e-15,1.119353552573844472e-13,4.888340122428395931e-16
4.538175540144720211e-16,1.926931827172814814e-15,1.118176429768012655e-13,4.885114983850976469e-16
4.760848853035410992e-16,1.925566977139842399e-15,1.116097848866777688e-13,4.880374958293189144e-16
4.719831222519767667e-16,1.922231281716179368e-15,1.113831190283126103e-13,4.874371679222859256e-16
4.786997146899364664e-16,1.921297103331480703e-15,1.113931658551614305e-13,4.867112487028158098e-16
4.900456357796902418e-16,1.919653231829442349e-15,1.113164085065583361e-13,4.858602145542861251e-16
4.631575478511070638e-16,1.914624228791041836e-15,1.111391818981840730e-13,4.848711133391275411e-16
4.007136140973064141e-16,1.907385427157176091e-15,1.109304827743030535e-13,4.839715526286218673e-16
4.082088680486315960e-16,1.904000854286092339e-15,1.106799499055922675e-13,4.830928988901917230e-16
4.215054947958520102e-16,1.900805426173775578e-15,1.103985015040696357e-13,4.822647015167594413e-16
4.391524801403781372e-16,1.898121177408353642e-15,1.101514626938356086e-13,4.814279026613266881e-16
4.343334519994420377e-16,1.895353225001874071e-15,1.099904348880078887e-13,4.808498840144295627e-16
4.189535793792970538e-16,1.892903680373111665e-15,1.099056409273279288e-13,4.804341118603117532e-16
4.126675185351580824e-16,1.892811348284165447e-15,1.099919707406490135e-13,4.802123072905013673e-16
4.525010742494149813e-16,1.896079170791374599e-15,1.100875137027226340e-13,4.802604886394784660e-16
4.392588437433923271e-16,1.896766098058478187e-15,1.101818788725809649e-13,4.806046025541869733e-16
4.109253687305713905e-16,1.896968718786205335e-15,1.102556448785091698e-13,4.812496498184883756e-16
4.128321129222126144e-16,1.899913567073659622e-15,1.103519431160492284e-13,4.822821178858890935e-16
3.890754624868425220e-16,1.904879601599399684e-15,1.107354822985277072e-13,4.838888369942544423e-16
3.947045253464477494e-16,1.912000172483903171e-15,1.111030690956783242e-13,4.857641880297733106e-16
4.003435446764612385e-16,1.921934201898724781e-15,1.117016228364094313e-13,4.880880321315887127e-16
4.159204049957133179e-16,1.936191247277945698e-15,1.125468313633083943e-13,4.912531357216256718e-16
4.137512220154923752e-16,1.950053566713624355e-15,1.133422150837239395e-13,4.949751188389759172e-16
4.191780519108876445e-16,1.966291955414025256e-15,1.142804289269274594e-13,4.990611911173432277e-16
3.563004325095220564e-16,1.981068607693995410e-15,1.153571211614860698e-13,5.038810740273240703e-16
2.445625944227262823e-16,1.998171226027538722e-15,1.166940216791089290e-13,5.102832437325095619e-16
1.475906764586024824e-16,2.016830469819532282e-15,1.181404219890404392e-13,5.165566684780834567e-16
1.279339259427466629e-16,2.042386053933791341e-15,1.197025721961046629e-13,5.234902611629718836e-16
2.127250674094792792e-16,2.081350063691289398e-15,1.216745321428699725e-13,5.322809795648802640e-16
2.508842481025550540e-16,2.118467482398156822e-15,1.237744207489877842e-13,5.410155715978047026e-16
2.275385951999294029e-16,2.151918367705613407e-15,1.258165074546488550e-13,5.500246755362281590e-16
1.996395680031658366e-16,2.192493977626246469e-15,1.283310116802340219e-13,5.607684001794997089e-16
2.587173716217414042e-16,2.238855401913089752e-15,1.308163353538473851e-13,5.719227731692881562e-16
2.866374455237100388e-16,2.283307533801942813e-15,1.333585484680502674e-13,5.828179651024202210e-16
3.462812207026254961e-16,2.333979533077714591e-15,1.360079027531796331e-13,5.954386829297418475e-16
3.480011633980990328e-16,2.386866982667317617e-15,1.391989928707307906e-13,6.086672574717628115e-16
3.483656668187099129e-16,2.435494969469814427e-15,1.420482635148158032e-13,6.212202227460984954e-16
4.078834879073338964e-16,2.494830065945217418e-15,1.452944554056607691e-13,6.357165024811585922e-16
4.060660701958866140e-16,2.552686778851115855e-15,1.487413793369045351e-13,6.504695278898247703e-16
4.069326818485201069e-16,2.606764121112692870e-15,1.519159706099952944e-13,6.643796065323148114e-16
4.159464471555963282e-16,2.671174288014785771e-15,1.556876310114185606e-13,6.807496324493383025e-16
4.401749594733982751e-16,2.732566370872627688e-15,1.591887771205118829e-13,6.962760432443116308e-16
4.626867736013169951e-16,2.791417050306134874e-15,1.625555771410657715e-13,7.111412931182447066e-16
4.584137604462131575e-16,2.863459751713598601e-15,1.669120183614493978e-13,7.292932531335869184e-16
5.059111991166844908e-16,2.929305056461039391e-15,1.708128828675880925e-13,7.446692104665610080e-16
5.315130211403631066e-16,2.995210450169153796e-15,1.746601291213920171e-13,7.609869478741594130e-16
4.454756409712055996e-16,3.057290905095674491e-15,1.785424678771831666e-13,7.785884423650484611e-16
4.165294893404778978e-16,3.111870177495584928e-15,1.816847726468106220e-13,7.938046416659199639e-16
4.536702518290468682e-16,3.180362677483854171e-15,1.854690886712814563e-13,8.113399113893045549e-16
5.211419704009236299e-16,3.247639074622476239e-15,1.893448453993306383e-13,8.269428379315124026e-16
5.513530182854801675e-16,3.310616678524916043e-15,1.930391381804444419e-13,8.422630009270326101e-16
6.195793541472489737e-16,3.378232764483025889e-15,1.968017122505428286e-13,8.585085379943192629e-16
5.271112172839360052e-16,3.423097426009878450e-15,1.996645380808456541e-13,8.719103452309777227e-16
4.802028215943700081e-16,3.477608649861900400e-15,2.029104918782868685e-13,8.872018844654103188e-16
4.108878962310574194e-16,3.521823834409630110e-15,2.058015007281142979e-13,8.994430263336659222e-16
4.787499208676089982e-16,3.575400774346574223e-15,2.087752240859998454e-13,9.119200194197062580e-16
4.905545995790008243e-16,3.619582950862327324e-15,2.113698042513553657e-13,9.229529977242344931e-16
4.644115811770131082e-16,3.655559372651269105e-15,2.136009996602525173e-13,9.325086938442119610e-16
5.054613118234103643e-16,3.691541241747729818e-15,2.155122948798442709e-13,9.413922392329945749e-16
4.814441072074970221e-16,3.715576406060989693e-15,2.170215497063734042e-13,9.479073036146984693e-16
4.418376534428793662e-16,3.737154842162410831e-15,2.185054439507956856e-13,9.537481727121602951e-16
4.397208540831146297e-16,3.748942110791859512e-15,2.191482762561503935e-13,9.570691747501872165e-16
4.849799321170831263e-16,3.757236592784827413e-15,2.193366047510910356e-13,9.590978839699688652e-16
4.904390990668927250e-16,3.757446236517221145e-15,2.193385912004690793e-13,9.590163696598836209e-16
5.234708444882475403e-16,3.752023100147967439e-15,2.190085803760999212e-13,9.566710158588366515e-16
5.184367439033075180e-16,3.737790606331606901e-15,2.182263276597037069e-13,9.529302463322222229e-16
4.918461917875646200e-16,3.709842956907927754e-15,2.167384138576968271e-13,9.458840543694143310e-16
4.378097980484121526e-16,3.674303062963318134e-15,2.146965758124394916e-13,9.381834311124399791e-16
4.736158960378795841e-16,3.632018217271211528e-15,2.120898858948763865e-13,9.267194320513699742e-16
4.203554530370664354e-16,3.585071544507442561e-15,2.094815039791860515e-13,9.156074659775479190e-16
3.348551222842634760e-16,3.527213002972939300e-15,2.064190054428882611e-13,9.018803074519894498e-16
3.851991497150572118e-16,3.479229782302448300e-15,2.033547669106279090e-13,8.890316160568021238e-16
4.092092288188530993e-16,3.429695673824398939e-15,2.004635666411457670e-13,8.754515270436254059e-16
3.839963122179559979e-16,3.378626976197489267e-15,1.975820578145822683e-13,8.625506538468509821e-16
3.146547590692285656e-16,3.329934008139758822e-15,1.949684764635116942e-13,8.510700167112296554e-16
2.957593913159866951e-16,3.282525933899221971e-15,1.920906365334890647e-13,8.398415984061063077e-16
3.718952806216034116e-16,3.254304081120625926e-15,1.901151095214245048e-13,8.315987893541715722e-16
3.122268699141394607e-16,3.222792107320162264e-15,1.884495695106975089e-13,8.245165254692286359e-16
2.615563589750272758e-16,3.204516767503707690e-15,1.875804893160121260e-13,8.204851228100630974e-16
2.281524285494456006e-16,3.198818886344617736e-15,1.874636502119770505e-13,8.191025186343021866e-16
3.034859951320744044e-16,3.211396543707712432e-15,1.879098984700765182e-13,8.212832626983658884e-16
3.603293500448692728e-16,3.235031584700662136e-15,1.890414699271885632e-13,8.267362903782820528e-16
2.873026582606455882e-16,3.265189325095494606e-15,1.911142332940735317e-13,8.354503938124507902e-16
2.891310202074571951e-16,3.314248525213356537e-15,1.940001109158402471e-13,8.480219764361241985e-16
2.933349562924780109e-16,3.368889660869335232e-15,1.971929671065132799e-13,8.620469818978064880e-16
3.541526114540064502e-16,3.434340030170218142e-15,2.007491723108763507e-13,8.782838796798971426e-16
2.706051324580469098e-16,3.505893816627972213e-15,2.052691931898475738e-13,8.979269508544873638e-16
2.777000113584530450e-16,3.581411459593207786e-15,2.096939078066645974e-13,9.172100021431644573e-16
3.482902589012529735e-16,3.663366229375095249e-15,2.142298490949437469e-13,9.373580553820045776e-16
2.740788514663737668e-16,3.741114891719775613e-15,2.190169784532994297e-13,9.587341271908777024e-16
3.272489128119863443e-16,3.827282949946689177e-15,2.239285816164726920e-13,9.799353623791364030e-16
3.508373810014541621e-16,3.905230879004723773e-15,2.284190666456463296e-13,9.996814779299329757e-16
3.059881929770662932e-16,3.977260999255975663e-15,2.328233788956211211e-13,1.018875659299331470e-15
3.133606064268928057e-16,4.049973279865881042e-15,2.370632707833719793e-13,1.037514472648293972e-15
3.230956147704706792e-16,4.124054809348619753e-15,2.413811379139377865e-13,1.056464309207926287e-15
2.962137258435590463e-16,4.190130783209456107e-15,2.453542329994333062e-13,1.073912532810337159e-15
2.798550618519517300e-16,4.254781476607472730e-15,2.492204296687439098e-13,1.090780701020108596e-15
3.057658694687239635e-16,4.319467006495378640e-15,2.528981257786511426e-13,1.107174268945813246e-15
3.352795880817211898e-16,4.382028043794860636e-15,2.564034886647242144e-13,1.123124805815192805e-15
2.973683002571965105e-16,4.441542436430075786e-15,2.601185241559023858e-13,1.138670461838621322e-15
2.516438096559468823e-16,4.497924858030805414e-15,2.636055974246044235e-13,1.153855683198578700e-15
2.173919879333179479e-16,4.553216803780705073e-15,2.669542425942800145e-13,1.168730851670804051e-15
1.921698651405028566e-16,4.607825067750685278e-15,2.702135935390962283e-13,1.183351867464326970e-15
1.889815819172651482e-16,4.664592540671520872e-15,2.736207245430128158e-13,1.197779692554485406e-15
